"TOA5","IFA_Rothrocks","CR800","43769","CR800.Std.32.02","CPU:Blue_River_Rothrocks_Mill.CR8","34027","Rothrocks_15_min"
"TIMESTAMP","RECORD","BattV_Min","BattV_TMn","PTemp_C_Avg","Temperature_Avg","Cond_Avg","Sp_Cond_Avg","Turbidity_Avg","Cable_Pwr_Avg","Lvl_ft_Avg","Temp_F_2_Avg"
"TS","RN","Volts","","Deg C","C","uS/cm","uS/Cm","NTU","volts","feet","deg F"
"","","Min","TMn","Avg","Avg","Avg","Avg","Avg","Avg","Avg","Avg"
"2025-11-05 11:00:00",9,13.07,"2025-11-05 10:53:00",17.38,9.97,277.3,389,2.75,12.57,1.207,50.1
"2025-11-05 11:15:00",10,13.11,"2025-11-05 11:00:50",17.21,10.05,277.8,388.8,2.749,12.62,1.206,50.25
"2025-11-05 11:30:00",11,13.33,"2025-11-05 11:16:10",17.32,10.15,278.4,388.5,2.73,12.81,1.204,50.45
"2025-11-05 11:45:00",12,13.45,"2025-11-05 11:30:50",17.56,10.27,279,388.2,2.706,12.93,1.204,50.67
"2025-11-05 12:00:00",13,13.5,"2025-11-05 11:46:20",17.69,10.43,279.9,387.8,2.702,12.98,1.203,50.95
"2025-11-05 12:15:00",14,13.56,"2025-11-05 12:00:50",17.94,10.6,280.8,387.4,2.678,13.04,1.202,51.27
"2025-11-05 12:30:00",15,13.6,"2025-11-05 12:16:30",18.5,10.78,281.9,386.9,2.666,13.07,1.201,51.59
"2025-11-05 12:45:00",16,13.6,"2025-11-05 12:31:10",18.91,10.94,282.8,386.6,2.644,13.1,1.199,51.87
"2025-11-05 13:00:00",17,13.64,"2025-11-05 12:46:30",19.56,11.09,283.7,386.4,2.859,13.12,1.199,52.12
"2025-11-05 13:15:00",18,13.63,"2025-11-05 13:12:50",20.37,11.23,284.5,386.1,2.898,13.13,1.199,52.37
"2025-11-05 13:30:00",19,13.62,"2025-11-05 13:19:00",21.01,11.36,285.3,385.9,2.646,13.1,1.198,52.6
"2025-11-05 13:45:00",20,13.64,"2025-11-05 13:30:40",20.96,11.47,286,385.7,2.628,13.13,1.198,52.79
"2025-11-05 14:00:00",21,13.7,"2025-11-05 13:46:20",20.84,11.56,286.6,385.5,2.615,13.18,1.196,52.94
"2025-11-05 14:15:00",22,13.75,"2025-11-05 14:00:20",20.78,11.63,287,385.4,2.606,13.25,1.195,53.06
"2025-11-05 14:30:00",23,13.85,"2025-11-05 14:16:10",20.84,"NAN","NAN","NAN","NAN","NAN",1.195,53.13
"2025-11-05 14:45:00",24,13.99,"2025-11-05 14:30:10",21.09,11.7,287.5,385.4,2.597,13.51,1.195,53.17
"2025-11-05 15:00:00",25,14.09,"2025-11-05 14:46:20",21.72,11.69,287.5,385.4,2.587,13.62,1.194,53.15
"2025-11-05 15:15:00",26,14.17,"2025-11-05 15:12:30",21.96,11.65,287.3,385.6,2.577,13.66,1.193,53.05
"2025-11-05 15:30:00",27,14.08,"2025-11-05 15:26:50",22.19,11.57,286.8,385.8,2.553,13.64,1.192,52.9
"2025-11-05 15:45:00",28,13.97,"2025-11-05 15:44:40",22.3,11.5,286.5,386.1,2.547,13.52,1.191,52.79
"2025-11-05 16:00:00",29,13.88,"2025-11-05 15:58:50",22.38,11.45,286.3,386.4,2.537,13.41,1.191,52.7
"2025-11-05 16:15:00",30,13.7,"2025-11-05 16:15:00",22.27,11.4,286.2,386.6,2.527,13.32,1.19,52.61
"2025-11-05 16:30:00",31,13.5,"2025-11-05 16:28:50",21.82,11.33,286,387,2.517,13.11,1.188,52.5
"2025-11-05 16:45:00",32,13.34,"2025-11-05 16:45:00",21.32,11.29,285.9,387.3,2.52,12.91,1.188,52.42
"2025-11-05 17:00:00",33,13.27,"2025-11-05 16:58:40",20.62,11.25,285.8,387.6,2.5,12.78,1.187,52.35
"2025-11-05 17:15:00",34,13.22,"2025-11-05 17:14:50",20.02,11.21,285.8,387.9,2.508,12.72,1.186,52.29
"2025-11-05 17:30:00",35,13.18,"2025-11-05 17:29:00",19.38,11.19,285.8,388.2,2.525,12.67,1.186,52.25
"2025-11-05 17:45:00",36,13.14,"2025-11-05 17:44:50",18.58,"NAN","NAN","NAN","NAN","NAN",1.185,52.23
"2025-11-05 18:00:00",37,13.13,"2025-11-05 17:59:00",17.75,11.17,285.9,388.5,2.501,12.6,1.185,52.22
"2025-11-05 18:15:00",38,13.12,"2025-11-05 18:14:50",16.93,11.17,286,388.7,2.509,12.58,1.184,52.22
"2025-11-05 18:30:00",39,13.11,"2025-11-05 18:23:00",16.16,11.17,286.1,388.8,2.517,12.57,1.183,52.23
"2025-11-05 18:45:00",40,13.09,"2025-11-05 18:44:50",15.43,11.18,286.3,389,2.553,12.56,1.182,52.25
"2025-11-05 19:00:00",41,13.07,"2025-11-05 18:56:50",14.76,11.19,286.4,389.1,2.571,12.53,1.18,52.27
"2025-11-05 19:15:00",42,13.06,"2025-11-05 19:15:00",14.17,11.2,286.6,389.1,2.562,12.52,1.179,52.29
"2025-11-05 19:30:00",43,13.05,"2025-11-05 19:26:50",13.65,11.21,286.7,389.2,2.617,12.51,1.178,52.3
"2025-11-05 19:45:00",44,13.04,"2025-11-05 19:42:40",13.18,11.22,286.8,389.3,2.51,12.49,1.178,52.32
"2025-11-05 20:00:00",45,13.01,"2025-11-05 19:58:40",12.72,11.23,287,389.4,2.502,12.48,1.177,52.33
"2025-11-05 20:15:00",46,13,"2025-11-05 20:04:50",12.25,11.23,287.1,389.5,2.485,12.46,1.176,52.35
"2025-11-05 20:30:00",47,13,"2025-11-05 20:29:00",11.84,11.24,287.2,389.6,2.481,12.45,1.176,52.36
"2025-11-05 20:45:00",48,12.99,"2025-11-05 20:36:40",11.45,11.25,287.4,389.7,2.47,12.44,1.174,52.37
"2025-11-05 21:00:00",49,12.97,"2025-11-05 20:57:00",11.08,11.26,287.5,389.9,2.497,12.43,1.173,52.38
"2025-11-05 21:15:00",50,12.96,"2025-11-05 21:13:00",10.72,11.26,287.6,389.9,2.475,12.41,1.172,52.4
"2025-11-05 21:30:00",51,12.94,"2025-11-05 21:25:00",10.4,11.27,287.7,390,2.439,12.4,1.171,52.41
"2025-11-05 21:45:00",52,12.93,"2025-11-05 21:42:30",10.09,11.27,287.8,390.1,2.416,12.39,1.169,52.42
"2025-11-05 22:00:00",53,12.92,"2025-11-05 21:59:00",9.8,11.28,287.9,390.1,2.437,12.38,1.169,52.42
"2025-11-05 22:15:00",54,12.91,"2025-11-05 22:11:00",9.52,11.28,288,390.2,2.464,12.37,1.167,52.43
"2025-11-05 22:30:00",55,12.9,"2025-11-05 22:29:00",9.25,11.28,288,390.3,2.484,12.36,1.166,52.43
"2025-11-05 22:45:00",56,12.89,"2025-11-05 22:42:30",9,11.28,288.1,390.4,2.465,12.34,1.165,52.43
"2025-11-05 23:00:00",57,12.88,"2025-11-05 22:57:00",8.78,"NAN","NAN","NAN","NAN","NAN",1.165,52.43
"2025-11-05 23:15:00",58,12.87,"2025-11-05 23:12:30",8.56,11.28,288.2,390.5,2.437,12.32,1.164,52.42
"2025-11-05 23:30:00",59,12.86,"2025-11-05 23:29:00",8.36,11.27,288.2,390.6,2.427,12.31,1.16,52.42
"2025-11-05 23:45:00",60,12.85,"2025-11-05 23:43:00",8.15,11.27,288.2,390.8,2.419,12.3,1.16,52.4
"2025-11-06 00:00:00",61,12.84,"2025-11-05 23:53:00",7.934,11.25,288.3,390.9,2.402,12.29,1.159,52.38
"2025-11-06 00:15:00",62,12.82,"2025-11-06 00:01:00",7.734,11.24,288.3,391,2.386,12.28,1.157,52.36
"2025-11-06 00:30:00",63,12.81,"2025-11-06 00:28:30",7.53,11.22,288.3,391.2,2.359,12.27,1.156,52.32
"2025-11-06 00:45:00",64,12.81,"2025-11-06 00:41:00",7.326,11.2,288.3,391.4,2.355,12.26,1.156,52.29
"2025-11-06 01:00:00",65,12.8,"2025-11-06 00:57:00",7.12,11.18,288.2,391.6,2.334,12.25,1.155,52.25
"2025-11-06 01:15:00",66,12.8,"2025-11-06 01:01:00",6.905,11.15,288.2,391.8,2.341,12.24,1.156,52.2
"2025-11-06 01:30:00",67,12.8,"2025-11-06 01:17:00",6.682,11.12,288.2,392.1,2.351,12.24,1.157,52.14
"2025-11-06 01:45:00",68,12.79,"2025-11-06 01:39:00",6.474,11.09,288.1,392.3,2.335,12.24,1.156,52.08
"2025-11-06 02:00:00",69,12.78,"2025-11-06 01:51:00",6.271,11.05,288,392.6,2.341,12.23,1.155,52.01
"2025-11-06 02:15:00",70,12.78,"2025-11-06 02:01:00",6.066,11.01,288,392.9,2.337,12.23,1.154,51.94
"2025-11-06 02:30:00",71,12.78,"2025-11-06 02:29:00",5.858,10.97,287.8,393.2,2.341,12.23,1.154,51.86
"2025-11-06 02:45:00",72,12.78,"2025-11-06 02:33:00",5.649,10.92,287.7,393.5,2.32,12.23,1.153,51.78
"2025-11-06 03:00:00",73,12.78,"2025-11-06 02:48:40",5.449,10.88,287.6,393.8,2.304,12.22,1.152,51.69
"2025-11-06 03:15:00",74,12.78,"2025-11-06 03:15:00",5.25,10.82,287.4,394.2,2.299,12.22,1.151,51.6
"2025-11-06 03:30:00",75,12.78,"2025-11-06 03:25:00",5.055,10.77,287.3,394.5,2.292,12.22,1.151,51.5
"2025-11-06 03:45:00",76,12.76,"2025-11-06 03:41:00",4.873,10.72,287.1,394.8,2.291,12.22,1.15,51.4
"2025-11-06 04:00:00",77,12.77,"2025-11-06 03:47:00",4.666,10.66,286.9,395.1,2.324,12.21,1.149,51.3
"2025-11-06 04:15:00",78,12.73,"2025-11-06 04:08:30",4.459,10.6,286.7,395.4,2.315,12.21,1.148,51.19
"2025-11-06 04:30:00",79,12.77,"2025-11-06 04:16:40",4.262,10.54,286.5,395.7,2.329,12.21,1.147,51.09
"2025-11-06 04:45:00",80,12.76,"2025-11-06 04:37:00",4.129,10.49,286.3,396,2.305,12.21,1.146,51
"2025-11-06 05:00:00",81,12.76,"2025-11-06 04:46:40",3.991,10.43,286.1,396.3,2.302,12.21,1.145,50.89
"2025-11-06 05:15:00",82,12.76,"2025-11-06 05:02:40",3.78,10.37,285.8,396.6,2.313,12.21,1.144,50.79
"2025-11-06 05:30:00",83,12.76,"2025-11-06 05:21:00",3.58,10.31,285.6,396.9,2.328,12.21,1.143,50.68
"2025-11-06 05:45:00",84,12.76,"2025-11-06 05:33:00",3.362,10.26,285.3,397.1,2.329,12.2,1.142,50.58
"2025-11-06 06:00:00",85,12.76,"2025-11-06 05:46:30",3.111,10.2,285.1,397.4,2.342,12.2,1.142,50.48
"2025-11-06 06:15:00",86,12.75,"2025-11-06 06:13:00",2.869,10.15,284.8,397.7,2.417,12.19,1.141,50.38
"2025-11-06 06:30:00",87,12.75,"2025-11-06 06:17:00",2.645,10.09,284.6,397.9,2.515,12.19,1.14,50.29
"2025-11-06 06:45:00",88,12.75,"2025-11-06 06:30:40",2.478,10.04,284.4,398.1,2.547,12.19,1.14,50.2
"2025-11-06 07:00:00",89,12.75,"2025-11-06 06:53:00",2.29,9.99,284.1,398.3,2.343,12.19,1.139,50.1
"2025-11-06 07:15:00",90,12.75,"2025-11-06 07:01:00",2.143,9.94,283.9,398.6,2.333,12.19,1.138,50.02
"2025-11-06 07:30:00",91,12.75,"2025-11-06 07:16:50",2.109,9.9,283.8,398.8,2.307,12.19,1.137,49.95
"2025-11-06 07:45:00",92,12.75,"2025-11-06 07:38:50",2.078,9.85,283.5,399,2.31,12.2,1.136,49.86
"2025-11-06 08:00:00",93,12.78,"2025-11-06 07:47:00",2.01,9.81,283.3,399.1,2.285,12.22,1.135,49.78
"2025-11-06 08:15:00",94,12.79,"2025-11-06 08:06:30",1.898,9.76,283,399.2,2.346,12.24,1.133,49.69
"2025-11-06 08:30:00",95,12.81,"2025-11-06 08:16:30",1.799,9.71,282.8,399.4,2.331,12.26,1.132,49.61
"2025-11-06 08:45:00",96,12.84,"2025-11-06 08:30:50",1.786,9.68,282.5,399.4,2.301,12.3,1.134,49.54
"2025-11-06 09:00:00",97,12.87,"2025-11-06 08:46:50",1.903,9.64,282.4,399.5,2.317,12.33,1.134,49.49
"2025-11-06 09:15:00",98,12.92,"2025-11-06 09:00:30",2.279,9.62,282.2,399.6,2.283,12.38,1.133,49.46
"2025-11-06 09:30:00",99,13,"2025-11-06 09:17:00",2.876,9.62,282.1,399.6,2.264,12.45,1.133,49.45
"2025-11-06 09:45:00",100,13.07,"2025-11-06 09:30:20",3.553,9.62,282.1,399.4,2.247,12.54,1.132,49.46
"2025-11-06 10:00:00",101,13.2,"2025-11-06 09:46:10",4.378,9.64,282.2,399.3,2.223,12.66,1.13,49.5
"2025-11-06 10:15:00",102,13.31,"2025-11-06 10:00:10",5.315,9.68,282.4,399.2,2.236,12.78,1.13,49.58
"2025-11-06 10:30:00",103,13.41,"2025-11-06 10:16:40",6.207,9.73,282.6,399,2.216,12.86,1.13,49.67
"2025-11-06 10:45:00",104,13.45,"2025-11-06 10:33:00",7.063,9.8,283,398.8,2.198,12.91,1.129,49.79
"2025-11-06 11:00:00",105,13.49,"2025-11-06 10:46:40",8.11,9.87,283.4,398.5,2.177,12.94,1.129,49.92
"2025-11-06 11:15:00",106,13.51,"2025-11-06 11:01:00",9.52,9.95,283.8,398.3,2.181,12.97,1.128,50.08
"2025-11-06 11:30:00",107,13.53,"2025-11-06 11:21:00",10.93,10.07,284.4,397.9,2.152,12.99,1.126,50.29
"2025-11-06 11:45:00",108,13.54,"2025-11-06 11:39:00",11.92,10.2,285.1,397.5,2.143,12.99,1.126,50.53
"2025-11-06 12:00:00",109,13.53,"2025-11-06 11:46:40",12.62,"NAN","NAN","NAN","NAN","NAN",1.125,50.81
"2025-11-06 12:15:00",110,13.57,"2025-11-06 12:01:00",13.19,10.52,286.9,396.5,2.489,13.03,1.125,51.11
"2025-11-06 12:30:00",111,13.58,"2025-11-06 12:24:50",13.92,10.67,287.7,396.1,2.831,13.04,1.124,51.39
"2025-11-06 12:45:00",112,13.59,"2025-11-06 12:33:00",14.49,10.82,288.5,395.7,2.359,13.05,1.124,51.64
"2025-11-06 13:00:00",113,13.6,"2025-11-06 12:58:50",15.35,10.95,289.3,395.3,2.415,13.06,1.124,51.88
"2025-11-06 13:15:00",114,13.57,"2025-11-06 13:14:50",16.45,11.09,290.1,395,2.119,13.05,1.123,52.12
"2025-11-06 13:30:00",115,13.56,"2025-11-06 13:24:50",17.28,11.21,290.8,394.8,2.077,13.03,1.123,52.34
"2025-11-06 13:45:00",116,13.56,"2025-11-06 13:31:00",17.12,11.31,291.4,394.5,2.055,13.03,1.123,52.51
"2025-11-06 14:00:00",117,13.59,"2025-11-06 13:46:10",16.78,11.38,291.8,394.4,2.071,13.06,1.122,52.63
"2025-11-06 14:15:00",118,13.61,"2025-11-06 14:00:50",16.55,11.43,292.1,394.3,2.053,13.09,1.121,52.71
"2025-11-06 14:30:00",119,13.67,"2025-11-06 14:16:40",16.53,11.44,292.2,394.3,2.039,13.15,1.121,52.73
"2025-11-06 14:45:00",120,13.8,"2025-11-06 14:30:30",16.85,11.43,292.1,394.3,2.019,13.29,1.12,52.7
"2025-11-06 15:00:00",121,13.82,"2025-11-06 14:45:50",17.64,11.39,291.9,394.4,2.029,13.33,1.119,52.63
"2025-11-06 15:15:00",122,13.9,"2025-11-06 15:01:00",18.06,11.31,291.5,394.6,2.036,13.42,1.119,52.47
"2025-11-06 15:30:00",123,13.82,"2025-11-06 15:26:20",18.56,11.19,290.7,394.9,2.023,13.37,1.119,52.24
"2025-11-06 15:45:00",124,13.75,"2025-11-06 15:44:50",18.66,11.07,290.1,395.2,2.022,13.27,1.118,52.04
"2025-11-06 16:00:00",125,13.66,"2025-11-06 15:59:00",18.6,10.97,289.6,395.5,2.014,13.19,1.118,51.87
"2025-11-06 16:15:00",126,13.49,"2025-11-06 16:15:00",18.24,10.87,289.1,395.9,2.034,13.08,1.117,51.67
"2025-11-06 16:30:00",127,13.35,"2025-11-06 16:28:50",17.45,10.75,288.6,396.5,1.989,12.91,1.115,51.47
"2025-11-06 16:45:00",128,13.27,"2025-11-06 16:45:00",16.61,10.67,288.2,396.9,2.005,12.78,1.115,51.32
"2025-11-06 17:00:00",129,13.23,"2025-11-06 16:58:50",15.83,10.59,287.9,397.3,2.003,12.71,1.114,51.18
"2025-11-06 17:15:00",130,13.2,"2025-11-06 17:13:00",15.05,10.52,287.7,397.7,2.017,12.67,1.114,51.05
"2025-11-06 17:30:00",131,13.16,"2025-11-06 17:28:50",14.29,10.46,287.5,398,1.995,12.64,1.113,50.96
"2025-11-06 17:45:00",132,13.13,"2025-11-06 17:44:50",13.53,10.42,287.3,398.2,1.998,12.6,1.113,50.88
"2025-11-06 18:00:00",133,13.12,"2025-11-06 17:59:00",12.79,10.39,287.2,398.4,1.993,12.58,1.113,50.83
"2025-11-06 18:15:00",134,13.11,"2025-11-06 18:13:00",12.08,10.37,287.2,398.6,2.036,12.57,1.112,50.79
"2025-11-06 18:30:00",135,13.09,"2025-11-06 18:29:00",11.41,10.35,287.1,398.7,2.037,12.55,1.112,50.76
"2025-11-06 18:45:00",136,13.08,"2025-11-06 18:41:00",10.78,10.34,287.1,398.8,2.037,12.54,1.113,50.73
"2025-11-06 19:00:00",137,13.07,"2025-11-06 18:56:50",10.18,10.33,287.1,398.9,2.03,12.52,1.112,50.72
"2025-11-06 19:15:00",138,13.06,"2025-11-06 19:06:40",9.62,10.32,287.1,398.9,2.013,12.51,1.112,50.71
"2025-11-06 19:30:00",139,13.05,"2025-11-06 19:23:00",9.1,10.31,287,398.9,2.019,12.5,1.112,50.69
"2025-11-06 19:45:00",140,13.04,"2025-11-06 19:43:00",8.63,10.31,287,398.9,2.015,12.49,1.111,50.68
"2025-11-06 20:00:00",141,13.03,"2025-11-06 19:59:00",8.2,10.3,286.9,398.9,1.986,12.48,1.111,50.67
"2025-11-06 20:15:00",142,13.02,"2025-11-06 20:15:00",7.788,10.29,286.9,399,1.988,12.47,1.11,50.66
"2025-11-06 20:30:00",143,13.02,"2025-11-06 20:16:30",7.426,10.28,286.8,399,1.971,12.47,1.11,50.64
"2025-11-06 20:45:00",144,13,"2025-11-06 20:39:00",7.092,10.28,286.8,399.1,1.971,12.46,1.109,50.63
"2025-11-06 21:00:00",145,12.98,"2025-11-06 20:59:00",6.763,10.27,286.8,399.1,1.97,12.44,1.108,50.62
"2025-11-06 21:15:00",146,13.01,"2025-11-06 21:00:10",6.455,10.26,286.8,399.1,1.953,12.44,1.107,50.61
"2025-11-06 21:30:00",147,13.01,"2025-11-06 21:26:00",6.208,10.26,286.8,399.1,1.959,12.43,1.107,50.61
"2025-11-06 21:45:00",148,12.99,"2025-11-06 21:42:00",6.036,10.27,286.8,399.1,1.955,12.42,1.108,50.61
"2025-11-06 22:00:00",149,12.97,"2025-11-06 21:46:50",5.834,10.27,286.8,399.1,1.961,12.41,1.107,50.62
"2025-11-06 22:15:00",150,12.98,"2025-11-06 22:12:00",5.604,10.27,286.8,399.1,1.941,12.41,1.107,50.62
"2025-11-06 22:30:00",151,12.97,"2025-11-06 22:30:00",5.373,10.27,286.8,399,1.953,12.39,1.106,50.62
"2025-11-06 22:45:00",152,12.96,"2025-11-06 22:45:00",5.144,10.27,286.8,399,1.971,12.39,1.105,50.62
"2025-11-06 23:00:00",153,12.92,"2025-11-06 22:47:00",4.955,10.27,286.7,399,2.437,12.37,1.105,50.62
"2025-11-06 23:15:00",154,12.94,"2025-11-06 23:14:10",4.783,10.27,286.7,398.9,1.989,12.37,1.105,50.62
"2025-11-06 23:30:00",155,12.94,"2025-11-06 23:26:00",4.627,10.27,286.7,398.9,1.981,12.36,1.105,50.62
"2025-11-06 23:45:00",156,12.89,"2025-11-06 23:45:00",4.494,10.27,286.7,398.9,1.964,12.35,1.104,50.62
"2025-11-07 00:00:00",157,12.89,"2025-11-06 23:49:00",4.377,10.27,286.7,398.9,1.947,12.33,1.104,50.62
"2025-11-07 00:15:00",158,12.91,"2025-11-07 00:02:00",4.286,10.27,286.7,398.9,1.923,12.33,1.103,50.62
"2025-11-07 00:30:00",159,12.89,"2025-11-07 00:29:00",4.205,10.27,286.7,398.9,1.931,12.32,1.102,50.61
"2025-11-07 00:45:00",160,12.85,"2025-11-07 00:42:30",4.131,10.26,286.7,399,1.946,12.31,1.102,50.6
"2025-11-07 01:00:00",161,12.86,"2025-11-07 00:56:30",4.067,10.26,286.7,399.1,1.93,12.29,1.101,50.59
"2025-11-07 01:15:00",162,12.87,"2025-11-07 01:10:00",4.021,10.25,286.7,399.2,1.933,12.29,1.1,50.58
"2025-11-07 01:30:00",163,12.85,"2025-11-07 01:24:00",3.985,10.24,286.7,399.2,1.917,12.28,1.1,50.56
"2025-11-07 01:45:00",164,12.85,"2025-11-07 01:38:00",3.978,10.23,286.7,399.4,1.929,12.27,1.099,50.54
"2025-11-07 02:00:00",165,12.81,"2025-11-07 01:46:50",3.99,10.22,286.7,399.5,1.899,12.25,1.098,50.52
"2025-11-07 02:15:00",166,12.84,"2025-11-07 02:04:00",4.163,10.22,286.8,399.7,1.917,12.25,1.098,50.52
"2025-11-07 02:30:00",167,12.83,"2025-11-07 02:20:00",4.397,10.21,286.9,399.9,1.917,12.25,1.097,50.51
"2025-11-07 02:45:00",168,12.82,"2025-11-07 02:36:00",4.602,10.2,287,400.1,1.921,12.24,1.097,50.49
"2025-11-07 03:00:00",169,12.79,"2025-11-07 02:46:50",4.797,10.19,287.1,400.4,1.922,12.23,1.097,50.48
"2025-11-07 03:15:00",170,12.81,"2025-11-07 03:14:00",4.901,10.18,287.2,400.6,1.943,12.24,1.097,50.44
"2025-11-07 03:30:00",171,12.81,"2025-11-07 03:28:00",4.923,10.15,287.2,400.8,1.931,12.24,1.097,50.4
"2025-11-07 03:45:00",172,12.81,"2025-11-07 03:32:00",4.92,10.13,287.2,401.1,1.928,12.23,1.096,50.35
"2025-11-07 04:00:00",173,12.81,"2025-11-07 03:50:00",4.99,10.1,287.2,401.4,1.944,12.23,1.096,50.32
"2025-11-07 04:15:00",174,12.81,"2025-11-07 04:14:00",5.188,10.09,287.3,401.7,1.939,12.23,1.095,50.29
"2025-11-07 04:30:00",175,12.78,"2025-11-07 04:29:00",5.407,10.07,287.3,402,1.934,12.23,1.095,50.25
"2025-11-07 04:45:00",176,12.8,"2025-11-07 04:36:40",5.541,10.04,287.3,402.3,1.963,12.23,1.094,50.2
"2025-11-07 05:00:00",177,12.8,"2025-11-07 04:54:00",5.591,10.01,287.3,402.5,1.974,12.23,1.094,50.15
"2025-11-07 05:15:00",178,12.78,"2025-11-07 05:14:50",5.573,9.98,287.3,402.8,2.084,12.23,1.093,50.1
"2025-11-07 05:30:00",179,12.8,"2025-11-07 05:16:00",5.591,9.95,287.4,403.3,2.084,12.22,1.092,50.04
"2025-11-07 05:45:00",180,12.78,"2025-11-07 05:30:50",5.699,9.92,287.4,403.6,1.955,12.22,1.09,50
"2025-11-07 06:00:00",181,12.77,"2025-11-07 05:46:40",6.007,9.91,287.4,403.8,1.951,12.21,1.089,49.97
"2025-11-07 06:15:00",182,12.76,"2025-11-07 06:10:40",6.419,9.9,287.5,404,1.935,12.21,1.088,49.95
"2025-11-07 06:30:00",183,12.76,"2025-11-07 06:19:00",6.945,9.89,287.6,404.3,1.988,12.21,1.087,49.93
"2025-11-07 06:45:00",184,12.76,"2025-11-07 06:31:00",7.621,9.89,287.8,404.6,2.201,12.21,1.087,49.94
"2025-11-07 07:00:00",185,12.77,"2025-11-07 06:46:50",8.47,9.89,288,404.8,1.933,12.22,1.086,49.95
"2025-11-07 07:15:00",186,12.77,"2025-11-07 07:14:20",9.25,9.89,288.1,405,1.895,12.23,1.086,49.94
"2025-11-07 07:30:00",187,12.77,"2025-11-07 07:22:50",10.05,9.9,288.3,405.3,1.891,12.22,1.086,49.95
"2025-11-07 07:45:00",188,12.78,"2025-11-07 07:37:00",10.76,9.9,288.5,405.5,1.892,12.24,1.085,49.96
"2025-11-07 08:00:00",189,12.8,"2025-11-07 07:46:50",11.4,9.9,288.6,405.6,1.877,12.26,1.085,49.95
"2025-11-07 08:15:00",190,12.83,"2025-11-07 08:02:20",12.04,9.9,288.7,405.7,1.858,12.32,1.084,49.97
"2025-11-07 08:30:00",191,12.88,"2025-11-07 08:17:00",12.82,9.93,289,405.8,1.869,12.34,1.084,50.02
"2025-11-07 08:45:00",192,12.93,"2025-11-07 08:30:10",13.35,9.96,289.2,405.8,1.87,12.41,1.084,50.08
"2025-11-07 09:00:00",193,12.83,"2025-11-07 08:59:00",13.63,9.99,289.4,405.7,1.851,12.41,1.085,50.14
"2025-11-07 09:15:00",194,12.8,"2025-11-07 09:07:00",13.95,"NAN","NAN","NAN","NAN","NAN",1.085,50.18
"2025-11-07 09:30:00",195,12.81,"2025-11-07 09:25:00",13.96,10.05,289.5,405.2,1.843,12.27,1.087,50.24
"2025-11-07 09:45:00",196,12.81,"2025-11-07 09:38:50",13.82,10.09,288.1,402.7,1.97,12.27,1.1,50.31
"2025-11-07 10:00:00",197,12.83,"2025-11-07 09:46:30",13.71,10.11,288,402.5,1.954,12.29,1.102,50.33
"2025-11-07 10:15:00",198,12.82,"2025-11-07 10:05:00",13.62,10.12,288.4,403,1.903,12.29,1.1,50.35
"2025-11-07 10:30:00",199,12.84,"2025-11-07 10:16:40",13.54,10.13,288.5,402.9,1.888,12.33,1.098,50.38
"2025-11-07 10:45:00",200,12.91,"2025-11-07 10:34:50",13.55,10.16,288.5,402.6,1.873,12.39,1.098,50.43
"2025-11-07 11:00:00",201,12.93,"2025-11-07 10:58:50",13.67,10.19,288.8,402.7,1.873,12.42,1.097,50.47
"2025-11-07 11:15:00",202,12.92,"2025-11-07 11:00:40",13.83,10.21,289.3,403.2,1.858,12.39,1.097,50.52
"2025-11-07 11:30:00",203,12.89,"2025-11-07 11:27:00",14.01,10.24,289.7,403.5,1.846,12.38,1.097,50.57
"2025-11-07 11:45:00",204,12.85,"2025-11-07 11:42:30",14.18,10.27,290,403.5,1.819,12.34,1.097,50.62
"2025-11-07 12:00:00",205,12.86,"2025-11-07 11:54:50",14.27,10.29,290.2,403.6,1.805,12.33,1.096,50.66
"2025-11-07 12:15:00",206,12.89,"2025-11-07 12:00:20",14.39,10.31,290.4,403.7,1.873,12.37,1.095,50.7
"2025-11-07 12:30:00",207,12.97,"2025-11-07 12:23:00",14.57,10.34,290.6,403.7,2.233,12.43,1.094,50.75
"2025-11-07 12:45:00",208,12.98,"2025-11-07 12:45:00",14.83,10.36,290.8,403.7,2.109,12.46,1.094,50.8
"2025-11-07 13:00:00",209,12.95,"2025-11-07 12:58:50",15.02,10.39,291.1,403.8,1.973,12.42,1.092,50.84
"2025-11-07 13:15:00",210,12.95,"2025-11-07 13:00:30",15.19,10.42,291.5,404,1.795,12.43,1.092,50.89
"2025-11-07 13:30:00",211,13.03,"2025-11-07 13:16:10",15.37,10.45,291.7,404,1.769,12.53,1.091,50.95
"2025-11-07 13:45:00",212,13.16,"2025-11-07 13:30:50",15.62,10.49,291.9,403.8,1.754,12.71,1.09,51.04
"2025-11-07 14:00:00",213,13.12,"2025-11-07 13:59:50",15.92,10.54,292.2,403.7,1.739,12.66,1.089,51.11
"2025-11-07 14:15:00",214,12.98,"2025-11-07 14:13:00",16.1,10.56,292.3,403.5,1.769,12.51,1.089,51.15
"2025-11-07 14:30:00",215,13.03,"2025-11-07 14:15:10",16.21,10.58,292.4,403.5,1.746,12.59,1.088,51.19
"2025-11-07 14:45:00",216,13.35,"2025-11-07 14:30:30",16.43,10.63,292.6,403.2,1.727,12.9,1.086,51.29
"2025-11-07 15:00:00",217,13.5,"2025-11-07 14:46:50",16.83,10.7,292.8,402.8,1.725,13,1.086,51.42
"2025-11-07 15:15:00",218,13.48,"2025-11-07 15:02:50",17.36,10.76,293.1,402.6,1.713,12.97,1.085,51.52
"2025-11-07 15:30:00",219,13.49,"2025-11-07 15:15:10",17.84,10.81,293.3,402.3,1.699,12.96,1.084,51.61
"2025-11-07 15:45:00",220,13.54,"2025-11-07 15:30:30",18.33,10.88,293.5,402,1.691,13.02,1.083,51.73
"2025-11-07 16:00:00",221,13.49,"2025-11-07 15:52:20",18.76,10.93,293.8,401.7,1.671,12.97,1.083,51.82
"2025-11-07 16:15:00",222,13.44,"2025-11-07 16:15:00",18.94,10.95,293.9,401.7,1.697,12.96,1.081,51.83
"2025-11-07 16:30:00",223,13.38,"2025-11-07 16:28:30",18.93,10.93,294,401.9,1.683,12.89,1.081,51.81
"2025-11-07 16:45:00",224,13.35,"2025-11-07 16:44:50",18.85,10.93,294.1,402.2,1.667,12.85,1.08,51.81
"2025-11-07 17:00:00",225,13.33,"2025-11-07 16:59:00",18.72,10.94,294.4,402.5,1.678,12.84,1.079,51.83
"2025-11-07 17:15:00",226,13.19,"2025-11-07 17:14:30",18.53,10.93,294.6,402.8,1.689,12.72,1.079,51.81
"2025-11-07 17:30:00",227,13.14,"2025-11-07 17:28:50",18.15,10.91,294.7,403.2,1.689,12.63,1.078,51.77
"2025-11-07 17:45:00",228,13.11,"2025-11-07 17:44:40",17.62,10.9,294.7,403.3,1.686,12.58,1.079,51.75
"2025-11-07 18:00:00",229,13.08,"2025-11-07 17:58:50",17.05,10.89,294.8,403.5,1.694,12.55,1.079,51.73
"2025-11-07 18:15:00",230,13.06,"2025-11-07 18:13:00",16.46,10.87,294.9,403.9,1.695,12.53,1.079,51.69
"2025-11-07 18:30:00",231,13.05,"2025-11-07 18:26:50",15.82,10.85,295,404.2,1.771,12.5,1.078,51.65
"2025-11-07 18:45:00",232,13.02,"2025-11-07 18:45:00",15.21,10.82,295,404.5,1.731,12.49,1.078,51.6
"2025-11-07 19:00:00",233,13,"2025-11-07 18:59:00",14.61,10.8,295,404.8,1.714,12.46,1.077,51.56
"2025-11-07 19:15:00",234,12.98,"2025-11-07 19:15:00",14.05,10.78,295,405,1.701,12.44,1.077,51.52
"2025-11-07 19:30:00",235,12.95,"2025-11-07 19:29:00",13.57,10.76,295,405.2,1.704,12.42,1.076,51.5
"2025-11-07 19:45:00",236,12.93,"2025-11-07 19:44:40",13.16,10.76,295,405.3,1.721,12.4,1.075,51.49
"2025-11-07 20:00:00",237,12.91,"2025-11-07 19:59:00",12.71,10.75,295,405.4,1.716,12.37,1.075,51.47
"2025-11-07 20:15:00",238,12.89,"2025-11-07 20:14:40",12.23,10.74,295,405.4,1.685,12.35,1.075,51.46
"2025-11-07 20:30:00",239,12.88,"2025-11-07 20:29:00",11.75,10.73,295,405.5,1.745,12.33,1.073,51.45
"2025-11-07 20:45:00",240,12.87,"2025-11-07 20:45:00",11.35,10.73,295,405.6,1.701,12.31,1.072,51.44
"2025-11-07 21:00:00",241,12.85,"2025-11-07 20:58:30",10.97,10.73,295.1,405.7,1.745,12.31,1.072,51.44
"2025-11-07 21:15:00",242,12.84,"2025-11-07 21:15:00",10.66,10.73,295.2,405.8,1.701,12.3,1.072,51.44
"2025-11-07 21:30:00",243,12.83,"2025-11-07 21:27:00",10.39,10.73,295.2,405.9,1.708,12.29,1.072,51.43
"2025-11-07 21:45:00",244,12.82,"2025-11-07 21:43:00",10.11,10.72,295.2,406,1.731,12.28,1.072,51.42
"2025-11-07 22:00:00",245,12.82,"2025-11-07 21:48:50",9.85,10.72,295.3,406.1,1.665,12.27,1.071,51.42
"2025-11-07 22:15:00",246,12.81,"2025-11-07 22:13:00",9.62,10.71,295.3,406.2,1.731,12.26,1.071,51.41
"2025-11-07 22:30:00",247,12.81,"2025-11-07 22:21:00",9.38,10.7,295.3,406.3,1.659,12.25,1.071,51.39
"2025-11-07 22:45:00",248,12.81,"2025-11-07 22:39:00",9.14,10.69,295.3,406.4,1.687,12.24,1.07,51.37
"2025-11-07 23:00:00",249,12.81,"2025-11-07 22:46:50",8.89,10.68,295.3,406.5,1.705,12.25,1.07,51.35
"2025-11-07 23:15:00",250,12.8,"2025-11-07 23:01:00",8.64,10.67,295.3,406.6,1.709,12.25,1.069,51.32
"2025-11-07 23:30:00",251,12.8,"2025-11-07 23:27:00",8.41,10.65,295.2,406.7,1.705,12.24,1.069,51.3
"2025-11-07 23:45:00",252,12.8,"2025-11-07 23:31:00",8.2,10.64,295.3,406.8,1.71,12.24,1.068,51.29
"2025-11-08 00:00:00",253,12.79,"2025-11-07 23:47:00",7.997,10.64,295.3,406.9,1.671,12.23,1.067,51.28
"2025-11-08 00:15:00",254,12.79,"2025-11-08 00:00:40",7.815,10.64,295.3,407,1.637,12.23,1.067,51.27
"2025-11-08 00:30:00",255,12.78,"2025-11-08 00:25:00",7.609,10.62,295.3,407,1.635,12.22,1.067,51.25
"2025-11-08 00:45:00",256,12.78,"2025-11-08 00:30:50",7.407,10.61,295.2,407.1,1.643,12.23,1.066,51.23
"2025-11-08 01:00:00",257,12.78,"2025-11-08 00:46:50",7.224,10.6,295.2,407.2,1.657,12.23,1.066,51.21
"2025-11-08 01:15:00",258,12.78,"2025-11-08 01:00:50",7.09,10.6,295.2,407.3,1.651,12.22,1.066,51.2
"2025-11-08 01:30:00",259,12.78,"2025-11-08 01:16:30",6.939,10.58,295.2,407.3,1.629,12.22,1.066,51.18
"2025-11-08 01:45:00",260,12.77,"2025-11-08 01:35:00",6.733,10.57,295.2,407.4,1.633,12.22,1.066,51.16
"2025-11-08 02:00:00",261,12.77,"2025-11-08 01:57:00",6.532,10.56,295.1,407.5,1.667,12.21,1.065,51.14
"2025-11-08 02:15:00",262,12.77,"2025-11-08 02:02:50",6.32,10.55,295.1,407.6,1.631,12.2,1.065,51.12
"2025-11-08 02:30:00",263,12.77,"2025-11-08 02:16:40",6.113,10.53,295,407.7,1.637,12.2,1.064,51.09
"2025-11-08 02:45:00",264,12.76,"2025-11-08 02:31:00",5.928,10.52,295,407.8,1.678,12.2,1.064,51.06
"2025-11-08 03:00:00",265,12.76,"2025-11-08 02:55:00",5.786,10.5,294.9,407.9,1.671,12.21,1.063,51.03
"2025-11-08 03:15:00",266,12.76,"2025-11-08 03:10:50",5.647,10.48,294.9,408,1.649,12.2,1.063,51
"2025-11-08 03:30:00",267,12.76,"2025-11-08 03:26:30",5.508,10.46,294.8,408.1,1.657,12.2,1.062,50.96
"2025-11-08 03:45:00",268,12.75,"2025-11-08 03:42:30",5.366,10.45,294.8,408.2,1.661,12.2,1.062,50.93
"2025-11-08 04:00:00",269,12.75,"2025-11-08 03:50:50",5.301,10.43,295.8,409.8,1.647,12.19,1.062,50.91
"2025-11-08 04:15:00",270,12.75,"2025-11-08 04:15:00",5.235,10.41,296,410.3,1.698,12.19,1.061,50.87
"2025-11-08 04:30:00",271,12.75,"2025-11-08 04:22:40",5.149,10.39,296,410.5,1.658,12.19,1.061,50.83
"2025-11-08 04:45:00",272,12.75,"2025-11-08 04:32:40",5.013,10.37,295.9,410.7,1.631,12.19,1.06,50.79
"2025-11-08 05:00:00",273,12.75,"2025-11-08 04:56:40",4.871,"NAN","NAN","NAN","NAN","NAN",1.06,50.74
"2025-11-08 05:15:00",274,12.74,"2025-11-08 05:12:40",4.77,10.32,295.8,411,1.7,12.18,1.059,50.71
"2025-11-08 05:30:00",275,12.74,"2025-11-08 05:20:40",4.656,10.29,295.7,411.2,1.68,12.18,1.058,50.65
"2025-11-08 05:45:00",276,12.74,"2025-11-08 05:41:00",4.513,10.26,295.6,411.4,1.673,12.18,1.058,50.6
"2025-11-08 06:00:00",277,12.74,"2025-11-08 05:59:00",4.395,10.23,295.5,411.6,1.66,12.17,1.058,50.55
"2025-11-08 06:15:00",278,12.74,"2025-11-08 06:01:00",4.263,10.2,295.4,411.7,1.655,12.17,1.057,50.49
"2025-11-08 06:30:00",279,12.74,"2025-11-08 06:16:40",4.095,10.17,295.2,411.9,1.707,12.17,1.057,50.43
"2025-11-08 06:45:00",280,12.74,"2025-11-08 06:30:30",3.887,10.14,295.1,412.1,1.723,12.16,1.056,50.37
"2025-11-08 07:00:00",281,12.73,"2025-11-08 06:46:50",3.682,10.11,295,412.3,1.663,12.16,1.056,50.32
"2025-11-08 07:15:00",282,12.73,"2025-11-08 07:02:20",3.555,10.08,294.9,412.5,1.647,12.16,1.056,50.28
"2025-11-08 07:30:00",283,12.73,"2025-11-08 07:16:50",3.491,10.05,294.9,412.7,1.638,12.17,1.055,50.23
"2025-11-08 07:45:00",284,12.74,"2025-11-08 07:31:00",3.368,10.02,294.7,412.8,1.629,12.18,1.055,50.17
"2025-11-08 08:00:00",285,12.76,"2025-11-08 07:46:40",3.285,9.99,294.6,413,1.614,12.2,1.054,50.12
"2025-11-08 08:15:00",286,12.8,"2025-11-08 08:00:50",3.325,9.97,294.5,413,1.61,12.25,1.054,50.08
"2025-11-08 08:30:00",287,12.85,"2025-11-08 08:16:50",3.428,9.96,294.4,413.1,1.614,12.3,1.053,50.06
"2025-11-08 08:45:00",288,12.91,"2025-11-08 08:30:30",3.65,9.95,294.3,413.1,1.595,12.36,1.053,50.04
"2025-11-08 09:00:00",289,12.99,"2025-11-08 08:45:10",3.964,9.95,294.3,413,1.581,12.46,1.052,50.04
"2025-11-08 09:15:00",290,13.18,"2025-11-08 09:00:10",4.336,9.95,294.2,412.9,1.584,12.66,1.052,50.06
"2025-11-08 09:30:00",291,13.38,"2025-11-08 09:16:40",4.783,9.97,294.3,412.7,1.568,12.83,1.052,50.1
"2025-11-08 09:45:00",292,13.42,"2025-11-08 09:37:00",5.249,9.99,294.3,412.5,1.571,12.87,1.052,50.14
"2025-11-08 10:00:00",293,13.44,"2025-11-08 09:46:50",5.714,10.01,294.3,412.3,1.563,12.89,1.052,50.17
"2025-11-08 10:15:00",294,13.55,"2025-11-08 10:00:40",6.238,10.04,294.3,412,1.545,13.02,1.051,50.23
"2025-11-08 10:30:00",295,13.63,"2025-11-08 10:17:00",6.918,10.09,294.4,411.6,1.545,13.1,1.051,50.32
"2025-11-08 10:45:00",296,13.66,"2025-11-08 10:30:30",7.675,10.15,294.6,411.2,1.545,13.13,1.051,50.42
"2025-11-08 11:00:00",297,13.67,"2025-11-08 10:46:50",8.45,10.21,294.8,410.8,1.545,13.13,1.05,50.54
"2025-11-08 11:15:00",298,13.7,"2025-11-08 11:00:50",9.27,10.29,295.1,410.3,1.542,13.18,1.05,50.69
"2025-11-08 11:30:00",299,13.73,"2025-11-08 11:16:10",10.15,10.39,295.5,409.9,1.513,13.23,1.049,50.86
"2025-11-08 11:45:00",300,13.67,"2025-11-08 11:45:00",11.02,10.5,296,409.4,1.526,13.21,1.049,51.06
"2025-11-08 12:00:00",301,13.65,"2025-11-08 11:58:40",11.6,10.58,296.4,409,1.498,13.17,1.048,51.21
"2025-11-08 12:15:00",302,13.66,"2025-11-08 12:00:20",12.3,10.72,297.1,408.6,1.506,13.14,1.049,51.46
"2025-11-08 12:30:00",303,13.5,"2025-11-08 12:29:00",13.31,10.84,297.8,408.1,1.49,13.14,1.049,51.69
"2025-11-08 12:45:00",304,13.49,"2025-11-08 12:30:30",14.25,10.95,298.3,407.7,1.487,12.99,1.048,51.87
"2025-11-08 13:00:00",305,13.53,"2025-11-08 12:46:30",15.28,11.09,298.7,406.7,1.711,12.99,1.047,52.14
"2025-11-08 13:15:00",306,13.56,"2025-11-08 13:01:00",16.55,11.25,298.8,405.2,2.296,13.04,1.048,52.43
"2025-11-08 13:30:00",307,13.53,"2025-11-08 13:29:00",17.86,"NAN","NAN","NAN","NAN","NAN",1.049,52.73
"2025-11-08 13:45:00",308,13.53,"2025-11-08 13:32:50",18.1,"NAN","NAN","NAN","NAN","NAN",1.049,52.97
"2025-11-08 14:00:00",309,13.5,"2025-11-08 13:46:30",18.07,11.66,301.3,404.3,1.435,12.99,1.05,53.15
"2025-11-08 14:15:00",310,13.55,"2025-11-08 14:00:40",18.02,11.75,301.8,404.1,1.433,13.03,1.05,53.3
"2025-11-08 14:30:00",311,13.59,"2025-11-08 14:29:00",18.2,11.82,302.2,404,1.418,13.09,1.05,53.4
"2025-11-08 14:45:00",312,13.61,"2025-11-08 14:30:10",18.58,11.82,302.2,403.9,1.426,13.18,1.05,53.41
"2025-11-08 15:00:00",313,13.75,"2025-11-08 14:47:00",19.43,11.83,302.3,403.9,1.426,13.23,1.05,53.42
"2025-11-08 15:15:00",314,13.74,"2025-11-08 15:14:40",20.08,11.8,302.1,403.9,1.422,13.25,1.05,53.36
"2025-11-08 15:30:00",315,13.74,"2025-11-08 15:16:10",20.58,11.72,301.6,404.1,1.425,13.24,1.051,53.21
"2025-11-08 15:45:00",316,13.7,"2025-11-08 15:34:50",20.5,11.64,301.2,404.3,1.418,13.2,1.049,53.07
"2025-11-08 16:00:00",317,13.67,"2025-11-08 15:54:50",20.26,11.57,300.8,404.5,1.425,13.17,1.05,52.94
"2025-11-08 16:15:00",318,13.56,"2025-11-08 16:14:50",19.96,11.5,300.4,404.8,1.428,13.1,1.05,52.81
"2025-11-08 16:30:00",319,13.53,"2025-11-08 16:28:50",19.45,11.42,300.1,405.2,1.428,13.03,1.05,52.68
"2025-11-08 16:45:00",320,13.39,"2025-11-08 16:43:00",18.89,11.36,299.9,405.5,1.414,12.95,1.049,52.57
"2025-11-08 17:00:00",321,13.33,"2025-11-08 16:58:50",18.27,11.32,299.8,405.9,1.425,12.84,1.048,52.49
"2025-11-08 17:15:00",322,13.26,"2025-11-08 17:15:00",17.61,"NAN","NAN","NAN","NAN","NAN",1.048,52.41
"2025-11-08 17:30:00",323,13.22,"2025-11-08 17:29:50",16.87,11.23,299.7,406.6,1.427,12.7,1.048,52.33
"2025-11-08 17:45:00",324,13.16,"2025-11-08 17:42:30",16.07,11.18,299.7,407.2,1.433,12.66,1.047,52.24
"2025-11-08 18:00:00",325,13.17,"2025-11-08 17:59:00",15.29,11.15,299.8,407.7,1.423,12.63,1.047,52.19
"2025-11-08 18:15:00",326,13.16,"2025-11-08 18:12:30",14.58,11.13,300,408.1,1.432,12.62,1.047,52.15
"2025-11-08 18:30:00",327,13.14,"2025-11-08 18:26:50",13.94,11.11,300.2,408.6,1.455,12.6,1.047,52.13
"2025-11-08 18:45:00",328,13.13,"2025-11-08 18:38:40",13.39,11.1,300.4,408.9,1.431,12.59,1.047,52.11
"2025-11-08 19:00:00",329,13.12,"2025-11-08 18:54:50",12.95,11.1,300.6,409.2,1.451,12.57,1.046,52.11
"2025-11-08 19:15:00",330,13.11,"2025-11-08 19:10:50",12.57,11.1,300.8,409.5,1.457,12.56,1.046,52.11
"2025-11-08 19:30:00",331,13.1,"2025-11-08 19:26:40",12.22,11.1,300.9,409.7,1.443,12.56,1.046,52.1
"2025-11-08 19:45:00",332,13.09,"2025-11-08 19:40:40",11.84,11.09,301,409.9,1.448,12.54,1.045,52.08
"2025-11-08 20:00:00",333,13.08,"2025-11-08 19:46:30",11.46,11.07,301,410.1,1.452,12.53,1.045,52.05
"2025-11-08 20:15:00",334,13.08,"2025-11-08 20:10:50",11.07,11.05,301,410.3,1.454,12.53,1.045,52.02
"2025-11-08 20:30:00",335,13.06,"2025-11-08 20:27:00",10.69,11.03,301,410.5,1.443,12.52,1.044,51.97
"2025-11-08 20:45:00",336,13.06,"2025-11-08 20:44:50",10.31,11,300.9,410.7,1.451,12.51,1.045,51.92
"2025-11-08 21:00:00",337,13.05,"2025-11-08 20:58:40",9.96,10.98,300.8,410.9,1.456,12.5,1.044,51.88
"2025-11-08 21:15:00",338,13.04,"2025-11-08 21:13:00",9.71,10.96,300.8,411,1.446,12.5,1.044,51.85
"2025-11-08 21:30:00",339,13.04,"2025-11-08 21:18:40",9.56,10.95,300.8,411.1,1.541,12.49,1.043,51.84
"2025-11-08 21:45:00",340,13.03,"2025-11-08 21:38:50",9.39,10.95,300.8,411.2,1.567,12.49,1.043,51.83
"2025-11-08 22:00:00",341,13.03,"2025-11-08 21:58:40",9.24,10.94,300.9,411.3,1.469,12.47,1.044,51.82
"2025-11-08 22:15:00",342,13.02,"2025-11-08 22:05:00",9.03,10.94,300.9,411.4,1.456,12.47,1.044,51.82
"2025-11-08 22:30:00",343,13.02,"2025-11-08 22:25:00",8.81,10.93,300.9,411.4,1.539,12.46,1.043,51.81
"2025-11-08 22:45:00",344,13.01,"2025-11-08 22:31:00",8.64,10.94,301,411.5,1.593,12.46,1.043,51.81
"2025-11-08 23:00:00",345,13.01,"2025-11-08 22:46:20",8.55,10.94,301,411.6,1.476,12.44,1.042,51.82
"2025-11-08 23:15:00",346,13,"2025-11-08 23:02:20",8.43,10.94,301,411.6,1.613,12.45,1.042,51.82
"2025-11-08 23:30:00",347,12.99,"2025-11-08 23:23:00",8.23,10.93,301,411.6,1.598,12.44,1.042,51.8
"2025-11-08 23:45:00",348,12.99,"2025-11-08 23:33:00",7.984,10.93,301,411.6,1.529,12.43,1.042,51.79
"2025-11-09 00:00:00",349,12.98,"2025-11-08 23:47:00",7.777,10.92,301,411.7,1.47,12.42,1.041,51.79
"2025-11-09 00:15:00",350,12.97,"2025-11-09 00:15:00",7.614,10.92,301,411.7,1.571,12.42,1.041,51.78
"2025-11-09 00:30:00",351,12.97,"2025-11-09 00:26:50",7.432,10.91,300.9,411.7,1.548,12.41,1.041,51.77
"2025-11-09 00:45:00",352,12.96,"2025-11-09 00:42:50",7.233,10.9,300.8,411.7,1.465,12.41,1.041,51.74
"2025-11-09 01:00:00",353,12.96,"2025-11-09 00:46:50",7.086,10.89,300.8,411.8,1.459,12.39,1.041,51.73
"2025-11-09 01:15:00",354,12.95,"2025-11-09 01:15:00",7.078,10.89,300.8,411.7,1.428,12.39,1.041,51.73
"2025-11-09 01:30:00",355,12.94,"2025-11-09 01:29:00",7.135,10.9,300.8,411.8,1.432,12.39,1.04,51.74
"2025-11-09 01:45:00",356,12.94,"2025-11-09 01:42:40",7.289,10.9,300.9,411.8,1.435,12.38,1.04,51.75
"2025-11-09 02:00:00",357,12.93,"2025-11-09 01:46:30",7.594,10.91,301,411.8,1.464,12.37,1.04,51.77
"2025-11-09 02:15:00",358,12.93,"2025-11-09 02:00:40",8.04,10.93,301.1,411.7,1.443,12.37,1.04,51.8
"2025-11-09 02:30:00",359,12.93,"2025-11-09 02:19:00",8.45,10.94,301.2,411.8,1.427,12.37,1.041,51.83
"2025-11-09 02:45:00",360,12.92,"2025-11-09 02:43:00",8.72,10.95,301,411.3,1.776,12.36,1.042,51.85
"2025-11-09 03:00:00",361,12.91,"2025-11-09 02:47:00",8.88,10.96,301.1,411.4,1.857,12.35,1.041,51.86
"2025-11-09 03:15:00",362,12.91,"2025-11-09 03:03:00",9,10.97,301.3,411.6,1.492,12.35,1.041,51.87
"2025-11-09 03:30:00",363,12.9,"2025-11-09 03:29:00",9.09,10.97,301.5,411.9,1.467,12.35,1.041,51.88
"2025-11-09 03:45:00",364,12.9,"2025-11-09 03:31:00",9.1,10.97,301.6,412,1.456,12.35,1.041,51.87
"2025-11-09 04:00:00",365,12.89,"2025-11-09 03:55:00",9.08,10.96,301.7,412.3,1.423,12.33,1.041,51.85
"2025-11-09 04:15:00",366,12.88,"2025-11-09 04:12:40",9.01,10.95,301.8,412.6,1.424,12.33,1.04,51.83
"2025-11-09 04:30:00",367,12.87,"2025-11-09 04:29:50",8.94,10.94,301.9,412.8,1.428,12.32,1.04,51.81
"2025-11-09 04:45:00",368,12.87,"2025-11-09 04:45:00",8.93,10.93,302,413,1.425,12.32,1.04,51.8
"2025-11-09 05:00:00",369,12.86,"2025-11-09 04:59:00",8.95,10.92,302.2,413.3,1.437,12.29,1.04,51.78
"2025-11-09 05:15:00",370,12.84,"2025-11-09 05:02:20",8.91,10.9,302.2,413.5,1.45,12.3,1.039,51.75
"2025-11-09 05:30:00",371,12.85,"2025-11-09 05:19:00",8.79,10.88,302.1,413.7,1.441,12.29,1.039,51.7
"2025-11-09 05:45:00",372,12.84,"2025-11-09 05:45:00",8.7,10.84,302,413.9,1.461,12.29,1.039,51.64
"2025-11-09 06:00:00",373,12.83,"2025-11-09 05:46:30",8.6,10.81,301.9,414.2,1.454,12.27,1.038,51.57
"2025-11-09 06:15:00",374,12.82,"2025-11-09 06:15:00",8.4,10.76,301.7,414.4,1.527,12.27,1.039,51.49
"2025-11-09 06:30:00",375,12.82,"2025-11-09 06:17:00",8.14,"NAN","NAN","NAN","NAN","NAN",1.038,51.41
"2025-11-09 06:45:00",376,12.81,"2025-11-09 06:41:00",7.942,10.68,301.4,414.8,1.537,12.26,1.035,51.35
"2025-11-09 07:00:00",377,12.81,"2025-11-09 06:46:20",7.885,10.66,301.4,415,1.671,12.24,1.032,51.31
"2025-11-09 07:15:00",378,12.8,"2025-11-09 07:02:50",7.8,10.63,301.2,415.2,1.453,12.24,1.03,51.25
"2025-11-09 07:30:00",379,12.79,"2025-11-09 07:29:00",7.624,10.59,301.1,415.4,1.408,12.23,1.03,51.19
"2025-11-09 07:45:00",380,12.79,"2025-11-09 07:31:00",7.451,10.56,300.9,415.6,1.391,12.23,1.03,51.13
"2025-11-09 08:00:00",381,12.78,"2025-11-09 07:46:40",7.294,10.53,300.8,415.8,1.381,12.23,1.031,51.07
"2025-11-09 08:15:00",382,12.78,"2025-11-09 08:03:00",7.164,10.49,300.7,415.9,1.383,12.24,1.031,51.02
"2025-11-09 08:30:00",383,12.8,"2025-11-09 08:23:00",6.984,10.47,300.5,416,1.381,12.25,1.032,50.97
"2025-11-09 08:45:00",384,12.79,"2025-11-09 08:31:00",6.782,10.44,300.4,416.2,1.381,12.25,1.031,50.91
"2025-11-09 09:00:00",385,12.79,"2025-11-09 08:47:00",6.563,10.41,300.3,416.3,1.359,12.23,1.032,50.86
"2025-11-09 09:15:00",386,12.79,"2025-11-09 09:03:00",6.367,10.38,300,416.3,1.347,12.25,1.031,50.81
"2025-11-09 09:30:00",387,12.89,"2025-11-09 09:27:00",6.221,10.35,299.9,416.3,1.347,12.34,1.03,50.77
"2025-11-09 09:45:00",388,12.85,"2025-11-09 09:43:00",6.126,10.33,299.6,416.3,1.337,12.32,1.029,50.72
"2025-11-09 10:00:00",389,12.85,"2025-11-09 09:51:00",6.032,10.3,299.4,416.3,1.318,12.31,1.03,50.67
"2025-11-09 10:15:00",390,12.85,"2025-11-09 10:09:00",5.949,10.27,299.2,416.3,1.31,12.31,1.028,50.61
"2025-11-09 10:30:00",391,12.86,"2025-11-09 10:25:00",5.879,10.24,298.9,416.3,1.301,12.32,1.028,50.56
"2025-11-09 10:45:00",392,12.85,"2025-11-09 10:37:00",5.845,10.22,298.7,416.3,1.296,12.32,1.027,50.52
"2025-11-09 11:00:00",393,12.88,"2025-11-09 10:45:10",5.831,10.19,298.5,416.3,1.295,12.33,1.027,50.48
"2025-11-09 11:15:00",394,12.92,"2025-11-09 11:02:20",5.831,10.17,298.3,416.2,1.285,12.38,1.027,50.43
"2025-11-09 11:30:00",395,12.88,"2025-11-09 11:28:50",5.821,10.14,298.1,416.2,1.283,12.35,1.026,50.39
"2025-11-09 11:45:00",396,12.86,"2025-11-09 11:35:00",5.776,10.12,297.9,416.2,1.294,12.32,1.027,50.34
"2025-11-09 12:00:00",397,12.91,"2025-11-09 11:47:00",5.721,10.09,298.8,417.7,1.271,12.37,1.027,50.3
"2025-11-09 12:15:00",398,12.94,"2025-11-09 12:13:00",5.683,10.07,298.8,418,1.285,12.4,1.027,50.27
"2025-11-09 12:30:00",399,12.93,"2025-11-09 12:24:40",5.641,10.06,298.7,418,1.295,12.39,1.027,50.24
"2025-11-09 12:45:00",400,12.94,"2025-11-09 12:30:40",5.58,10.04,298.5,418,1.672,12.4,1.026,50.2
"2025-11-09 13:00:00",401,12.89,"2025-11-09 12:55:00",5.58,10.02,298.4,418,2.023,12.35,1.026,50.16
"2025-11-09 13:15:00",402,12.87,"2025-11-09 13:14:50",5.516,9.99,298.2,418,1.435,12.33,1.025,50.12
"2025-11-09 13:30:00",403,12.87,"2025-11-09 13:20:40",5.281,9.96,297.9,418,1.276,12.31,1.026,50.06
"2025-11-09 13:45:00",404,12.86,"2025-11-09 13:45:00",5.037,9.93,297.7,418,1.257,12.33,1.026,50.01
"2025-11-09 14:00:00",405,12.85,"2025-11-09 13:47:00",4.835,9.9,297.5,418.1,1.249,12.31,1.024,49.95
"2025-11-09 14:15:00",406,12.9,"2025-11-09 14:14:50",4.635,9.87,297.2,418.1,1.217,12.35,1.024,49.9
"2025-11-09 14:30:00",407,12.88,"2025-11-09 14:20:40",4.493,9.84,297,418.1,1.237,12.34,1.023,49.85
"2025-11-09 14:45:00",408,12.95,"2025-11-09 14:30:20",4.359,"NAN","NAN","NAN","NAN","NAN",1.023,49.82
"2025-11-09 15:00:00",409,12.98,"2025-11-09 14:46:20",4.33,9.8,296.7,418,1.23,12.44,1.023,49.78
"2025-11-09 15:15:00",410,13.14,"2025-11-09 15:02:20",4.27,9.79,296.5,417.9,1.213,12.58,1.023,49.76
"2025-11-09 15:30:00",411,13.33,"2025-11-09 15:15:10",4.249,9.78,296.3,417.8,1.216,12.85,1.022,49.75
"2025-11-09 15:45:00",412,13.23,"2025-11-09 15:44:50",4.265,9.77,296.1,417.6,1.216,12.76,1.022,49.72
"2025-11-09 16:00:00",413,13.22,"2025-11-09 15:45:10",4.013,9.73,295.7,417.4,1.215,12.7,1.022,49.66
"2025-11-09 16:15:00",414,13.11,"2025-11-09 16:15:00",3.724,9.7,295.4,417.4,1.203,12.6,1.022,49.6
"2025-11-09 16:30:00",415,13.12,"2025-11-09 16:16:20",3.377,9.66,295.1,417.4,1.205,12.6,1.022,49.53
"2025-11-09 16:45:00",416,13.13,"2025-11-09 16:45:00",3.108,9.64,295,417.4,1.191,12.63,1.022,49.5
"2025-11-09 17:00:00",417,13.02,"2025-11-09 16:58:50",2.906,9.61,294.8,417.5,1.205,12.51,1.021,49.44
"2025-11-09 17:15:00",418,12.9,"2025-11-09 17:14:40",2.777,9.57,294.7,417.8,1.213,12.41,1.021,49.38
"2025-11-09 17:30:00",419,12.83,"2025-11-09 17:28:40",2.703,9.55,294.7,418.1,1.181,12.3,1.021,49.33
"2025-11-09 17:45:00",420,12.78,"2025-11-09 17:44:50",2.618,9.51,294.6,418.4,1.203,12.23,1.021,49.26
"2025-11-09 18:00:00",421,12.75,"2025-11-09 17:58:50",2.554,9.47,294.6,418.8,1.192,12.19,1.02,49.19
"2025-11-09 18:15:00",422,12.74,"2025-11-09 18:07:00",2.524,9.43,294.5,419.1,1.223,12.17,1.02,49.12
"2025-11-09 18:30:00",423,12.73,"2025-11-09 18:24:50",2.516,9.39,294.4,419.5,1.217,12.16,1.02,49.04
"2025-11-09 18:45:00",424,12.72,"2025-11-09 18:41:00",2.444,"NAN","NAN","NAN","NAN","NAN",1.02,48.96
"2025-11-09 19:00:00",425,12.71,"2025-11-09 18:57:00",2.339,9.3,294.1,420.1,1.237,12.15,1.02,48.87
"2025-11-09 19:15:00",426,12.71,"2025-11-09 19:03:00",2.206,9.25,294,420.4,1.21,12.15,1.018,48.79
"2025-11-09 19:30:00",427,12.71,"2025-11-09 19:17:00",2.049,9.21,293.8,420.7,1.193,12.15,1.018,48.71
"2025-11-09 19:45:00",428,12.71,"2025-11-09 19:30:40",1.885,9.17,293.7,421,1.311,12.15,1.017,48.64
"2025-11-09 20:00:00",429,12.71,"2025-11-09 19:46:20",1.751,9.12,293.5,421.3,1.365,12.14,1.014,48.56
"2025-11-09 20:15:00",430,12.71,"2025-11-09 20:03:00",1.647,9.08,293.3,421.4,1.743,12.14,1.014,48.48
"2025-11-09 20:30:00",431,12.71,"2025-11-09 20:16:40",1.559,9.04,293.1,421.6,1.562,12.14,1.014,48.41
"2025-11-09 20:45:00",432,12.7,"2025-11-09 20:31:00",1.531,9,293,421.8,1.258,12.14,1.014,48.35
"2025-11-09 21:00:00",433,12.7,"2025-11-09 20:46:50",1.549,8.96,292.8,422,1.237,12.14,1.014,48.27
"2025-11-09 21:15:00",434,12.7,"2025-11-09 21:01:00",1.576,8.92,292.5,422.2,1.199,12.14,1.014,48.19
"2025-11-09 21:30:00",435,12.69,"2025-11-09 21:28:50",1.585,8.87,292.2,422.3,1.192,12.14,1.013,48.1
"2025-11-09 21:45:00",436,12.7,"2025-11-09 21:31:00",1.546,8.83,292,422.5,1.2,12.13,1.012,48.03
"2025-11-09 22:00:00",437,12.69,"2025-11-09 21:46:20",1.437,8.79,291.8,422.7,1.204,12.13,1.012,47.95
"2025-11-09 22:15:00",438,12.69,"2025-11-09 22:00:50",1.266,8.75,291.5,422.8,1.182,12.13,1.012,47.88
"2025-11-09 22:30:00",439,12.69,"2025-11-09 22:16:50",1.059,8.7,291.3,423,1.183,12.13,1.012,47.79
"2025-11-09 22:45:00",440,12.69,"2025-11-09 22:30:10",0.833,8.65,291,423.1,1.192,12.13,1.012,47.7
"2025-11-09 23:00:00",441,12.69,"2025-11-09 22:46:10",0.657,8.6,290.7,423.3,1.207,12.13,1.011,47.62
"2025-11-09 23:15:00",442,12.69,"2025-11-09 23:01:00",0.524,8.56,290.5,423.4,1.253,12.13,1.011,47.55
"2025-11-09 23:30:00",443,12.68,"2025-11-09 23:18:50",0.42,8.52,290.2,423.6,1.229,12.12,1.009,47.47
"2025-11-09 23:45:00",444,12.68,"2025-11-09 23:31:00",0.244,8.47,289.9,423.7,1.323,12.12,1.01,47.39
"2025-11-10 00:00:00",445,12.67,"2025-11-09 23:47:00",0.055,8.44,289.8,423.9,1.329,12.12,1.01,47.33
"2025-11-10 00:15:00",446,12.68,"2025-11-10 00:05:00",-0.094,8.39,289.5,424,2.007,12.12,1.008,47.25
"2025-11-10 00:30:00",447,12.68,"2025-11-10 00:23:00",-0.127,8.35,289.2,424.1,1.373,12.12,1.009,47.17
"2025-11-10 00:45:00",448,12.68,"2025-11-10 00:31:00",-0.118,8.31,288.9,424.2,1.276,12.12,1.009,47.1
"2025-11-10 01:00:00",449,12.67,"2025-11-10 00:46:10",-0.118,8.27,288.7,424.2,1.249,12.12,1.008,47.03
"2025-11-10 01:15:00",450,12.67,"2025-11-10 01:01:00",-0.167,8.23,288.4,424.3,1.413,12.12,1.008,46.97
"2025-11-10 01:30:00",451,12.67,"2025-11-10 01:17:00",-0.273,8.2,288.2,424.3,1.633,12.12,1.008,46.9
"2025-11-10 01:45:00",452,12.67,"2025-11-10 01:30:50",-0.329,8.16,287.9,424.4,1.247,12.12,1.007,46.83
"2025-11-10 02:00:00",453,12.67,"2025-11-10 01:46:30",-0.365,8.13,287.6,424.4,1.204,12.12,1.006,46.77
"2025-11-10 02:15:00",454,12.66,"2025-11-10 02:02:20",-0.373,8.09,287.4,424.5,1.201,12.12,1.006,46.71
"2025-11-10 02:30:00",455,12.67,"2025-11-10 02:23:00",-0.417,8.05,287.1,424.5,1.222,12.12,1.006,46.64
"2025-11-10 02:45:00",456,12.67,"2025-11-10 02:31:00",-0.6,8.01,286.8,424.5,1.468,12.12,1.005,46.56
"2025-11-10 03:00:00",457,12.65,"2025-11-10 02:47:00",-0.865,7.967,286.4,424.5,1.879,12.12,1.004,46.48
"2025-11-10 03:15:00",458,12.66,"2025-11-10 03:00:50",-1.104,7.941,286.2,424.6,1.596,12.12,1.003,46.44
"2025-11-10 03:30:00",459,12.66,"2025-11-10 03:26:40",-1.282,7.915,286,424.6,1.269,12.12,1.003,46.39
"2025-11-10 03:45:00",460,12.65,"2025-11-10 03:43:00",-1.399,7.878,285.8,424.6,1.233,12.12,1.002,46.32
"2025-11-10 04:00:00",461,12.65,"2025-11-10 03:46:20",-1.489,7.837,285.5,424.7,1.231,12.12,1.003,46.25
"2025-11-10 04:15:00",462,12.65,"2025-11-10 04:02:50",-1.58,7.801,285.2,424.8,1.625,12.12,1.002,46.19
"2025-11-10 04:30:00",463,12.65,"2025-11-10 04:17:00",-1.787,7.753,284.9,424.8,1.229,12.12,1.001,46.1
"2025-11-10 04:45:00",464,12.65,"2025-11-10 04:33:00",-2.002,7.702,284.5,424.9,1.265,12.12,1.001,46.01
"2025-11-10 05:00:00",465,12.64,"2025-11-10 04:47:00",-2.165,7.655,284.2,425,1.675,12.1,1.001,45.93
"2025-11-10 05:15:00",466,12.65,"2025-11-10 05:02:30",-2.304,7.611,283.9,425.1,1.494,12.12,1,45.85
"2025-11-10 05:30:00",467,12.65,"2025-11-10 05:23:00",-2.442,7.558,283.5,425.2,1.295,12.12,1,45.75
"2025-11-10 05:45:00",468,12.64,"2025-11-10 05:43:00",-2.589,7.509,283.2,425.2,1.197,12.11,0.999,45.66
"2025-11-10 06:00:00",469,12.63,"2025-11-10 05:46:30",-2.725,7.461,282.9,425.3,1.337,12.12,0.999,45.58
"2025-11-10 06:15:00",470,12.64,"2025-11-10 06:01:00",-2.819,7.416,282.5,425.4,1.491,12.12,0.998,45.5
"2025-11-10 06:30:00",471,12.64,"2025-11-10 06:16:50",-2.911,7.379,282.3,425.5,1.399,12.11,0.998,45.43
"2025-11-10 06:45:00",472,12.64,"2025-11-10 06:30:30",-2.91,7.352,282.2,425.6,1.368,12.11,0.997,45.38
"2025-11-10 07:00:00",473,12.63,"2025-11-10 06:46:10",-2.85,7.32,282,425.7,1.393,12.1,0.997,45.32
"2025-11-10 07:15:00",474,12.63,"2025-11-10 07:02:20",-2.901,7.276,281.7,425.8,1.239,12.12,0.997,45.25
"2025-11-10 07:30:00",475,12.63,"2025-11-10 07:16:40",-2.918,7.236,281.5,426,1.213,12.11,0.996,45.18
"2025-11-10 07:45:00",476,12.64,"2025-11-10 07:30:20",-2.796,7.213,281.3,426.1,1.24,12.11,0.995,45.13
"2025-11-10 08:00:00",477,12.64,"2025-11-10 07:45:20",-2.634,7.194,281.2,426.2,1.233,12.12,0.995,45.1
"2025-11-10 08:15:00",478,12.67,"2025-11-10 08:00:40",-2.511,7.173,281.1,426.2,1.497,12.13,0.994,45.06
"2025-11-10 08:30:00",479,12.69,"2025-11-10 08:17:00",-2.47,7.141,280.8,426.2,1.245,12.14,0.994,45
"2025-11-10 08:45:00",480,12.73,"2025-11-10 08:30:30",-2.454,7.115,280.5,426,1.213,12.16,0.995,44.96
"2025-11-10 09:00:00",481,12.74,"2025-11-10 08:46:20",-2.428,7.1,280.3,425.9,1.204,12.2,0.994,44.93
"2025-11-10 09:15:00",482,12.87,"2025-11-10 09:00:20",-2.336,7.095,280.1,425.6,1.202,12.32,0.995,44.93
"2025-11-10 09:30:00",483,13,"2025-11-10 09:16:20",-2.168,7.102,279.9,425.4,1.193,12.45,0.995,44.94
"2025-11-10 09:45:00",484,12.96,"2025-11-10 09:44:40",-1.963,"NAN","NAN","NAN","NAN","NAN",0.995,44.95
"2025-11-10 10:00:00",485,12.93,"2025-11-10 09:46:40",-1.871,7.096,279.6,424.9,1.163,12.39,0.994,44.93
"2025-11-10 10:15:00",486,13,"2025-11-10 10:12:30",-1.795,7.096,279.4,424.6,1.166,12.47,0.993,44.93
"2025-11-10 10:30:00",487,13.04,"2025-11-10 10:16:40",-1.722,7.097,279.2,424.3,1.365,12.47,0.994,44.93
"2025-11-10 10:45:00",488,13.14,"2025-11-10 10:45:00",-1.586,7.114,279.1,424,1.234,12.59,0.993,44.96
"2025-11-10 11:00:00",489,12.98,"2025-11-10 10:58:50",-1.478,7.114,279,423.8,1.335,12.5,0.993,44.96
"2025-11-10 11:15:00",490,12.94,"2025-11-10 11:09:00",-1.443,"NAN","NAN","NAN","NAN","NAN",0.992,44.94
"2025-11-10 11:30:00",491,12.96,"2025-11-10 11:28:40",-1.412,7.09,278.7,423.6,1.174,12.4,0.992,44.92
"2025-11-10 11:45:00",492,12.91,"2025-11-10 11:42:30",-1.332,7.084,278.6,423.5,1.179,12.38,0.991,44.91
"2025-11-10 12:00:00",493,12.97,"2025-11-10 11:45:10",-1.257,7.079,278.4,423.3,1.171,12.44,0.991,44.9
"2025-11-10 12:15:00",494,13.19,"2025-11-10 12:00:50",-1.082,7.109,278.5,423.1,1.17,12.65,0.991,44.96
"2025-11-10 12:30:00",495,13.26,"2025-11-10 12:21:00",-0.879,7.13,278.5,422.8,1.455,12.7,0.991,45
"2025-11-10 12:45:00",496,13.34,"2025-11-10 12:30:40",-0.669,7.152,278.5,422.5,1.664,12.81,0.991,45.04
"2025-11-10 13:00:00",497,13.58,"2025-11-10 12:45:10",-0.391,7.197,278.6,422.2,1.269,13.02,0.991,45.12
"2025-11-10 13:15:00",498,13.63,"2025-11-10 13:00:40",-0.15,7.243,278.7,421.8,1.159,13.1,0.991,45.2
"2025-11-10 13:30:00",499,13.68,"2025-11-10 13:29:00",0.02,7.283,278.8,421.4,1.146,13.22,0.99,45.27
"2025-11-10 13:45:00",500,13.62,"2025-11-10 13:32:50",0.138,7.303,278.8,421.1,1.144,13.14,0.99,45.31
"2025-11-10 14:00:00",501,13.64,"2025-11-10 13:51:00",0.264,7.337,278.8,420.8,1.171,13.17,0.989,45.37
"2025-11-10 14:15:00",502,13.63,"2025-11-10 14:02:50",0.345,7.36,278.8,420.5,1.149,13.15,0.989,45.41
"2025-11-10 14:30:00",503,13.5,"2025-11-10 14:20:50",0.406,7.366,278.7,420.2,1.153,13.04,0.989,45.42
"2025-11-10 14:45:00",504,13.73,"2025-11-10 14:38:50",0.471,7.379,278.6,420,1.153,13.24,0.989,45.45
"2025-11-10 15:00:00",505,13.48,"2025-11-10 14:54:40",0.565,7.398,278.6,419.8,1.174,13.04,0.989,45.48
"2025-11-10 15:15:00",506,13.49,"2025-11-10 15:14:50",0.601,7.389,278.4,419.6,1.161,13.03,0.988,45.47
"2025-11-10 15:30:00",507,13.45,"2025-11-10 15:19:00",0.608,7.375,278.3,419.6,1.116,12.93,0.987,45.44
"2025-11-10 15:45:00",508,13.35,"2025-11-10 15:45:00",0.607,7.366,278.2,419.5,1.128,12.93,0.987,45.43
"2025-11-10 16:00:00",509,13.29,"2025-11-10 15:58:50",0.583,7.349,278.2,419.6,1.137,12.75,0.988,45.39
"2025-11-10 16:15:00",510,13.2,"2025-11-10 16:12:40",0.553,7.318,278,419.8,1.121,12.69,0.987,45.34
"2025-11-10 16:30:00",511,13.25,"2025-11-10 16:15:10",0.519,7.281,277.9,420,1.142,12.73,0.987,45.27
"2025-11-10 16:45:00",512,13.19,"2025-11-10 16:45:00",0.465,7.248,277.8,420.2,1.129,12.67,0.987,45.21
"2025-11-10 17:00:00",513,13.15,"2025-11-10 16:58:40",0.372,7.209,277.7,420.6,1.119,12.6,0.987,45.14
"2025-11-10 17:15:00",514,13.11,"2025-11-10 17:13:00",0.23,7.169,277.6,420.9,1.131,12.57,0.986,45.07
"2025-11-10 17:30:00",515,13.09,"2025-11-10 17:29:00",0.077,7.123,277.5,421.4,1.131,12.55,0.985,44.99
"2025-11-10 17:45:00",516,13.05,"2025-11-10 17:45:00",-0.034,7.078,277.4,421.8,1.113,12.5,0.985,44.9
"2025-11-10 18:00:00",517,13.04,"2025-11-10 17:51:00",-0.176,7.027,277.3,422.2,1.121,12.47,0.985,44.81
"2025-11-10 18:15:00",518,13.01,"2025-11-10 18:12:50",-0.341,6.972,277.1,422.7,1.135,12.45,0.984,44.72
"2025-11-10 18:30:00",519,13,"2025-11-10 18:24:50",-0.515,6.924,277,423.1,1.161,12.44,0.984,44.63
"2025-11-10 18:45:00",520,12.98,"2025-11-10 18:45:00",-0.69,6.882,276.9,423.5,1.138,12.41,0.984,44.55
"2025-11-10 19:00:00",521,12.97,"2025-11-10 18:55:00",-0.866,6.841,276.9,423.9,1.158,12.4,0.983,44.48
"2025-11-10 19:15:00",522,12.95,"2025-11-10 19:15:00",-1.044,6.803,276.8,424.2,1.183,12.39,0.983,44.41
"2025-11-10 19:30:00",523,12.94,"2025-11-10 19:27:00",-1.235,6.764,276.7,424.5,1.149,12.37,0.983,44.34
"2025-11-10 19:45:00",524,12.92,"2025-11-10 19:44:50",-1.405,6.723,276.5,424.8,1.144,12.35,0.983,44.27
"2025-11-10 20:00:00",525,12.9,"2025-11-10 19:59:00",-1.54,6.686,276.4,425.2,1.153,12.33,0.983,44.2
"2025-11-10 20:15:00",526,12.89,"2025-11-10 20:14:40",-1.625,6.661,276.4,425.4,1.164,12.33,0.983,44.15
"2025-11-10 20:30:00",527,12.87,"2025-11-10 20:25:00",-1.679,6.638,276.4,425.7,1.171,12.31,0.983,44.11
"2025-11-10 20:45:00",528,12.85,"2025-11-10 20:45:00",-1.756,6.61,276.4,426,1.188,12.28,0.983,44.06
"2025-11-10 21:00:00",529,12.83,"2025-11-10 20:59:00",-1.87,6.578,276.3,426.3,1.521,12.26,0.983,44
"2025-11-10 21:15:00",530,12.81,"2025-11-10 21:12:40",-2.011,6.544,276.2,426.6,1.395,12.25,0.982,43.94
"2025-11-10 21:30:00",531,12.79,"2025-11-10 21:29:00",-2.076,6.521,276.2,426.8,1.336,12.23,0.982,43.9
"2025-11-10 21:45:00",532,12.77,"2025-11-10 21:43:00",-2.036,6.498,276.2,427.1,1.445,12.21,0.981,43.86
"2025-11-10 22:00:00",533,12.75,"2025-11-10 21:56:30",-1.965,6.477,276.2,427.4,1.356,12.18,0.981,43.82
"2025-11-10 22:15:00",534,12.73,"2025-11-10 22:13:00",-1.964,6.446,276.1,427.6,1.329,12.16,0.981,43.77
"2025-11-10 22:30:00",535,12.72,"2025-11-10 22:29:00",-2.018,6.416,276,427.9,1.234,12.15,0.981,43.71
"2025-11-10 22:45:00",536,12.69,"2025-11-10 22:45:00",-2.113,6.382,275.9,428.1,1.223,12.14,0.98,43.65
"2025-11-10 23:00:00",537,12.68,"2025-11-10 22:59:00",-2.252,6.352,275.8,428.4,1.225,12.13,0.98,43.6
"2025-11-10 23:15:00",538,12.66,"2025-11-10 23:12:30",-2.413,6.319,275.7,428.6,1.217,12.12,0.979,43.54
"2025-11-10 23:30:00",539,12.67,"2025-11-10 23:16:50",-2.567,6.282,275.5,428.8,1.205,12.12,0.978,43.47
"2025-11-10 23:45:00",540,12.66,"2025-11-10 23:43:00",-2.72,6.247,275.3,429,1.277,12.12,0.977,43.41
"2025-11-11 00:00:00",541,12.65,"2025-11-10 23:46:20",-2.845,6.213,275.2,429.2,1.237,12.12,0.977,43.35
"2025-11-11 00:15:00",542,12.64,"2025-11-11 00:12:30",-2.98,6.18,275,429.3,1.191,12.11,0.977,43.29
"2025-11-11 00:30:00",543,12.64,"2025-11-11 00:28:50",-3.121,6.146,274.8,429.5,1.181,12.12,0.976,43.23
"2025-11-11 00:45:00",544,12.63,"2025-11-11 00:45:00",-3.266,6.113,274.6,429.6,1.217,12.11,0.976,43.17
"2025-11-11 01:00:00",545,12.63,"2025-11-11 00:46:30",-3.414,6.081,274.5,429.8,1.205,12.1,0.976,43.11
"2025-11-11 01:15:00",546,12.63,"2025-11-11 01:07:00",-3.539,6.051,274.3,429.9,1.163,12.11,0.976,43.06
"2025-11-11 01:30:00",547,12.63,"2025-11-11 01:19:00",-3.648,6.024,274.1,430,1.224,12.09,0.976,43.01
"2025-11-11 01:45:00",548,12.62,"2025-11-11 01:42:50",-3.737,5.993,274,430.1,1.296,12.11,0.975,42.95
"2025-11-11 02:00:00",549,12.62,"2025-11-11 01:46:50",-3.814,5.965,273.8,430.2,1.192,12.07,0.974,42.9
"2025-11-11 02:15:00",550,12.61,"2025-11-11 02:12:30",-3.887,5.936,273.6,430.3,1.154,12.1,0.974,42.85
"2025-11-11 02:30:00",551,12.62,"2025-11-11 02:29:00",-3.954,5.909,273.4,430.4,1.15,12.08,0.973,42.8
"2025-11-11 02:45:00",552,12.62,"2025-11-11 02:37:00",-4.015,5.876,273.3,430.5,1.16,12.1,0.973,42.74
"2025-11-11 03:00:00",553,12.61,"2025-11-11 02:47:00",-4.087,5.847,273.1,430.6,1.156,12.05,0.972,42.69
"2025-11-11 03:15:00",554,12.61,"2025-11-11 03:12:50",-4.142,5.815,272.9,430.7,1.159,12.09,0.971,42.63
"2025-11-11 03:30:00",555,12.61,"2025-11-11 03:19:00",-4.194,5.785,272.7,430.8,1.121,12.07,0.971,42.58
"2025-11-11 03:45:00",556,12.61,"2025-11-11 03:41:00",-4.258,5.755,272.5,430.9,1.141,12.09,0.969,42.52
"2025-11-11 04:00:00",557,12.6,"2025-11-11 03:46:50",-4.339,5.72,272.3,431.1,1.127,12.07,0.969,42.46
"2025-11-11 04:15:00",558,12.61,"2025-11-11 04:00:40",-4.443,5.687,272.1,431.2,1.138,12.06,0.969,42.4
"2025-11-11 04:30:00",559,12.6,"2025-11-11 04:23:00",-4.562,5.655,271.9,431.3,1.134,12.08,0.968,42.34
"2025-11-11 04:45:00",560,12.6,"2025-11-11 04:42:30",-4.663,5.621,271.7,431.4,1.124,12.05,0.968,42.28
"2025-11-11 05:00:00",561,12.6,"2025-11-11 04:46:30",-4.742,5.588,271.6,431.6,1.129,12.06,0.967,42.22
"2025-11-11 05:15:00",562,12.6,"2025-11-11 05:09:00",-4.815,5.556,271.4,431.7,1.129,12.05,0.967,42.17
"2025-11-11 05:30:00",563,12.6,"2025-11-11 05:28:40",-4.867,5.526,271.2,431.9,1.134,12.07,0.966,42.11
"2025-11-11 05:45:00",564,12.6,"2025-11-11 05:42:30",-4.917,5.492,271,432,1.121,12.05,0.966,42.05
"2025-11-11 06:00:00",565,12.59,"2025-11-11 05:46:20",-4.985,5.462,270.9,432.2,1.129,12.05,0.965,42
"2025-11-11 06:15:00",566,12.59,"2025-11-11 06:12:30",-5.024,5.434,270.8,432.3,1.357,12.06,0.965,41.95
"2025-11-11 06:30:00",567,12.59,"2025-11-11 06:22:50",-5.047,5.407,270.6,432.5,1.337,12.05,0.964,41.9
"2025-11-11 06:45:00",568,12.59,"2025-11-11 06:37:00",-5.07,5.377,270.5,432.6,1.379,12.07,0.963,41.85
"2025-11-11 07:00:00",569,12.59,"2025-11-11 06:46:20",-5.07,5.347,270.3,432.8,1.15,12.02,0.963,41.8
"2025-11-11 07:15:00",570,12.59,"2025-11-11 07:02:20",-5.06,5.322,270.2,432.9,1.113,12.07,0.962,41.75
"2025-11-11 07:30:00",571,12.6,"2025-11-11 07:20:40",-4.99,5.297,270.1,433.1,1.126,12.04,0.961,41.71
"2025-11-11 07:45:00",572,12.59,"2025-11-11 07:37:00",-4.819,5.283,270.1,433.2,1.129,12.08,0.96,41.68
"2025-11-11 08:00:00",573,12.61,"2025-11-11 07:45:10",-4.579,5.275,270.1,433.3,1.134,12.07,0.96,41.67
"2025-11-11 08:15:00",574,12.63,"2025-11-11 08:12:30",-4.289,5.272,270.1,433.3,1.131,12.12,0.959,41.66
"2025-11-11 08:30:00",575,12.66,"2025-11-11 08:16:40",-3.887,5.275,270.1,433.3,1.137,12.14,0.959,41.67
"2025-11-11 08:45:00",576,12.76,"2025-11-11 08:41:00",-3.414,5.287,270.1,433.2,1.127,12.19,0.958,41.69
"2025-11-11 09:00:00",577,12.77,"2025-11-11 08:47:00",-2.958,5.297,270.1,433.1,1.111,12.22,0.957,41.71
"2025-11-11 09:15:00",578,12.89,"2025-11-11 09:02:20",-2.496,5.311,270.1,432.9,1.103,12.38,0.958,41.74
"2025-11-11 09:30:00",579,13.04,"2025-11-11 09:16:40",-2.084,5.325,270.1,432.7,1.106,12.53,0.958,41.77
"2025-11-11 09:45:00",580,13.3,"2025-11-11 09:30:10",-1.659,5.352,270.1,432.4,1.076,12.76,0.956,41.82
"2025-11-11 10:00:00",581,13.47,"2025-11-11 09:45:10",-1.216,5.385,270.2,432,1.071,12.93,0.956,41.88
"2025-11-11 10:15:00",582,13.58,"2025-11-11 10:15:00",-0.759,5.423,270.2,431.6,1.069,13.01,0.955,41.95
"2025-11-11 10:30:00",583,13.58,"2025-11-11 10:19:00",-0.392,5.459,270.2,431.2,1.081,13.01,0.954,42.01
"2025-11-11 10:45:00",584,13.58,"2025-11-11 10:36:40",-0.111,5.496,270.3,430.7,1.079,13,0.954,42.08
"2025-11-11 11:00:00",585,13.58,"2025-11-11 10:46:50",0.14,5.541,270.3,430.3,1.082,13.03,0.954,42.16
"2025-11-11 11:15:00",586,13.59,"2025-11-11 11:02:20",0.389,5.586,270.4,429.8,1.075,13.04,0.954,42.24
"2025-11-11 11:30:00",587,13.62,"2025-11-11 11:16:50",0.623,5.626,270.5,429.3,1.071,13.05,0.954,42.31
"2025-11-11 11:45:00",588,13.67,"2025-11-11 11:34:50",0.835,5.67,270.5,428.9,1.071,13.11,0.953,42.39
"2025-11-11 12:00:00",589,13.74,"2025-11-11 11:46:10",1.051,5.722,270.7,428.5,1.069,13.19,0.952,42.49
"2025-11-11 12:15:00",590,13.82,"2025-11-11 12:00:10",1.379,5.794,271,428,1.064,13.28,0.952,42.62
"2025-11-11 12:30:00",591,13.7,"2025-11-11 12:26:50",1.78,5.859,271.2,427.4,1.069,13.21,0.952,42.74
"2025-11-11 12:45:00",592,13.73,"2025-11-11 12:30:20",2.049,5.911,271.3,427,1.323,13.19,0.952,42.83
"2025-11-11 13:00:00",593,13.76,"2025-11-11 12:45:40",2.509,5.969,271.5,426.5,2.111,13.22,0.951,42.94
"2025-11-11 13:15:00",594,13.74,"2025-11-11 13:10:50",3.241,6.031,271.7,426,1.573,13.24,0.951,43.05
"2025-11-11 13:30:00",595,13.8,"2025-11-11 13:28:40",3.85,6.082,271.8,425.6,1.527,13.22,0.951,43.14
"2025-11-11 13:45:00",596,13.72,"2025-11-11 13:37:00",4.309,6.135,271.9,425.1,1.147,13.19,0.95,43.24
"2025-11-11 14:00:00",597,13.76,"2025-11-11 13:46:50",4.623,6.197,272.1,424.6,1.067,13.22,0.949,43.35
"2025-11-11 14:15:00",598,13.73,"2025-11-11 14:08:40",4.949,6.273,272.4,424.1,1.066,13.21,0.95,43.48
"2025-11-11 14:30:00",599,13.6,"2025-11-11 14:28:50",5.221,6.314,272.5,423.7,1.061,13.14,0.949,43.55
"2025-11-11 14:45:00",600,13.57,"2025-11-11 14:31:00",5.41,6.33,272.4,423.4,1.049,13.11,0.948,43.59
"2025-11-11 15:00:00",601,13.81,"2025-11-11 14:58:50",5.823,6.368,272.5,423,1.039,13.29,0.949,43.67
"2025-11-11 15:15:00",602,13.72,"2025-11-11 15:10:30",6.243,6.407,272.5,422.6,1.043,13.21,0.948,43.73
"2025-11-11 15:30:00",603,13.7,"2025-11-11 15:26:40",6.526,6.422,272.4,422.2,1.04,13.25,0.948,43.76
"2025-11-11 15:45:00",604,13.7,"2025-11-11 15:45:00",6.664,6.435,272.3,421.8,1.059,13.22,0.948,43.79
"2025-11-11 16:00:00",605,13.51,"2025-11-11 15:56:30",6.787,6.444,272.2,421.6,1.033,13.05,0.949,43.8
"2025-11-11 16:15:00",606,13.44,"2025-11-11 16:15:00",6.72,6.424,271.9,421.4,1.047,12.94,0.948,43.76
"2025-11-11 16:30:00",607,13.35,"2025-11-11 16:29:00",6.64,6.401,271.7,421.4,1.045,12.84,0.949,43.72
"2025-11-11 16:45:00",608,13.35,"2025-11-11 16:45:00",6.547,6.375,271.5,421.5,1.051,12.8,0.949,43.67
"2025-11-11 17:00:00",609,13.28,"2025-11-11 16:59:00",6.461,6.359,271.5,421.6,1.049,12.74,0.949,43.64
"2025-11-11 17:15:00",610,13.21,"2025-11-11 17:15:00",6.373,6.337,271.4,421.7,1.043,12.68,0.948,43.6
"2025-11-11 17:30:00",611,13.18,"2025-11-11 17:28:50",6.287,6.316,271.4,422,1.041,12.62,0.948,43.56
"2025-11-11 17:45:00",612,13.16,"2025-11-11 17:40:50",6.226,6.298,271.5,422.3,1.087,12.6,0.948,43.53
"2025-11-11 18:00:00",613,13.14,"2025-11-11 17:57:00",6.199,6.283,271.6,422.7,1.084,12.57,0.947,43.5
"2025-11-11 18:15:00",614,13.13,"2025-11-11 18:09:00",6.183,6.268,271.6,423,1.067,12.57,0.946,43.47
"2025-11-11 18:30:00",615,13.12,"2025-11-11 18:25:00",6.196,6.256,271.8,423.3,1.128,12.55,0.946,43.45
"2025-11-11 18:45:00",616,13.11,"2025-11-11 18:39:00",6.174,6.244,271.9,423.6,1.485,12.54,0.945,43.43
"2025-11-11 19:00:00",617,13.1,"2025-11-11 18:57:00",6.029,6.228,271.9,423.9,1.261,12.53,0.946,43.4
"2025-11-11 19:15:00",618,13.09,"2025-11-11 19:12:40",5.746,6.21,272,424.2,1.259,12.51,0.946,43.36
"2025-11-11 19:30:00",619,13.08,"2025-11-11 19:22:50",5.377,6.197,272,424.4,1.179,12.52,0.944,43.34
"2025-11-11 19:45:00",620,13.07,"2025-11-11 19:43:00",5.036,6.19,272.1,424.6,1.117,12.49,0.944,43.32
"2025-11-11 20:00:00",621,13.07,"2025-11-11 19:46:20",4.741,6.183,272.2,424.9,1.094,12.49,0.943,43.31
"2025-11-11 20:15:00",622,13.06,"2025-11-11 20:13:00",4.532,6.165,272.1,425,1.061,12.48,0.944,43.28
"2025-11-11 20:30:00",623,13.06,"2025-11-11 20:28:30",4.638,6.145,272.1,425.2,1.072,12.48,0.943,43.24
"2025-11-11 20:45:00",624,13.04,"2025-11-11 20:42:30",4.986,6.126,272,425.4,1.063,12.47,0.943,43.21
"2025-11-11 21:00:00",625,13.04,"2025-11-11 20:58:50",5.393,6.108,272,425.6,1.098,12.47,0.944,43.17
"2025-11-11 21:15:00",626,13.03,"2025-11-11 21:06:50",5.742,6.089,272,425.7,1.115,12.46,0.943,43.14
"2025-11-11 21:30:00",627,13.01,"2025-11-11 21:29:50",5.966,6.072,271.9,425.9,1.129,12.46,0.944,43.11
"2025-11-11 21:45:00",628,13.03,"2025-11-11 21:30:50",6.109,6.055,271.9,426.1,1.591,12.46,0.943,43.08
"2025-11-11 22:00:00",629,13.02,"2025-11-11 21:45:30",6.209,6.036,271.8,426.2,1.453,12.44,0.943,43.05
"2025-11-11 22:15:00",630,13.02,"2025-11-11 22:05:00",6.253,6.016,271.8,426.4,1.219,12.45,0.942,43.01
"2025-11-11 22:30:00",631,13.01,"2025-11-11 22:16:50",6.31,5.998,271.8,426.6,1.175,12.43,0.941,42.98
"2025-11-11 22:45:00",632,13,"2025-11-11 22:43:00",6.33,5.983,271.7,426.7,1.129,12.44,0.941,42.95
"2025-11-11 23:00:00",633,13,"2025-11-11 22:45:10",6.354,5.968,271.7,426.9,1.104,12.42,0.94,42.92
"2025-11-11 23:15:00",634,12.99,"2025-11-11 23:02:20",6.37,5.953,271.7,427.1,1.093,12.42,0.94,42.9
"2025-11-11 23:30:00",635,12.99,"2025-11-11 23:19:00",6.401,5.941,271.7,427.2,1.091,12.43,0.94,42.88
"2025-11-11 23:45:00",636,12.98,"2025-11-11 23:42:30",6.461,5.93,271.7,427.4,1.085,12.41,0.939,42.85
"2025-11-12 00:00:00",637,12.98,"2025-11-11 23:46:30",6.499,5.921,271.7,427.5,1.078,12.41,0.939,42.84
"2025-11-12 00:15:00",638,12.97,"2025-11-12 00:02:20",6.508,5.911,271.7,427.6,1.087,12.4,0.938,42.82
"2025-11-12 00:30:00",639,12.97,"2025-11-12 00:18:50",6.493,5.903,271.7,427.7,1.082,12.4,0.938,42.81
"2025-11-12 00:45:00",640,12.97,"2025-11-12 00:35:00",6.433,5.896,271.7,427.7,1.102,12.39,0.938,42.79
"2025-11-12 01:00:00",641,12.96,"2025-11-12 00:50:50",6.355,5.892,271.7,427.8,1.077,12.39,0.937,42.79
"2025-11-12 01:15:00",642,12.93,"2025-11-12 01:02:20",6.25,5.89,271.7,427.8,1.065,12.39,0.937,42.78
"2025-11-12 01:30:00",643,12.96,"2025-11-12 01:16:40",6.122,5.888,271.7,427.8,1.066,12.38,0.937,42.78
"2025-11-12 01:45:00",644,12.94,"2025-11-12 01:42:30",5.983,5.886,271.7,427.8,1.054,12.38,0.936,42.77
"2025-11-12 02:00:00",645,12.94,"2025-11-12 01:46:40",5.8,5.888,271.7,427.8,1.063,12.35,0.936,42.77
"2025-11-12 02:15:00",646,12.93,"2025-11-12 02:12:30",5.609,5.884,271.6,427.8,1.067,12.36,0.935,42.77
"2025-11-12 02:30:00",647,12.93,"2025-11-12 02:16:50",5.428,5.881,271.6,427.8,1.101,12.35,0.935,42.76
"2025-11-12 02:45:00",648,12.92,"2025-11-12 02:44:50",5.259,5.875,271.5,427.8,1.089,12.35,0.934,42.75
"2025-11-12 03:00:00",649,12.92,"2025-11-12 02:45:30",5.012,5.868,271.5,427.8,1.087,12.35,0.934,42.74
"2025-11-12 03:15:00",650,12.91,"2025-11-12 03:11:00",4.779,5.859,271.4,427.8,1.08,12.33,0.933,42.72
"2025-11-12 03:30:00",651,12.91,"2025-11-12 03:29:00",4.6,5.851,271.3,427.8,1.099,12.33,0.933,42.71
"2025-11-12 03:45:00",652,12.9,"2025-11-12 03:42:40",4.46,5.841,271.2,427.8,1.084,12.33,0.932,42.69
"2025-11-12 04:00:00",653,12.9,"2025-11-12 03:58:40",4.396,5.835,271.2,427.8,1.091,12.31,0.932,42.68
"2025-11-12 04:15:00",654,12.89,"2025-11-12 04:01:00",4.264,5.827,271.2,427.8,1.111,12.31,0.932,42.67
"2025-11-12 04:30:00",655,12.89,"2025-11-12 04:29:00",4.099,5.819,271.1,427.9,1.205,12.3,0.931,42.65
"2025-11-12 04:45:00",656,12.88,"2025-11-12 04:40:40",3.96,5.81,271.1,427.9,1.164,12.31,0.931,42.64
"2025-11-12 05:00:00",657,12.87,"2025-11-12 04:59:00",3.718,5.804,271.1,428,1.368,12.28,0.931,42.62
"2025-11-12 05:15:00",658,12.86,"2025-11-12 05:14:50",3.56,5.796,271,428,1.413,12.28,0.931,42.61
"2025-11-12 05:30:00",659,12.86,"2025-11-12 05:28:50",3.47,5.786,271,428.1,1.305,12.29,0.93,42.59
"2025-11-12 05:45:00",660,12.85,"2025-11-12 05:37:00",3.386,5.776,271,428.2,1.46,12.28,0.93,42.57
"2025-11-12 06:00:00",661,12.85,"2025-11-12 05:46:10",3.357,5.767,271,428.3,1.269,12.25,0.93,42.56
"2025-11-12 06:15:00",662,12.84,"2025-11-12 06:13:00",3.367,5.759,270.9,428.4,1.119,12.26,0.929,42.55
"2025-11-12 06:30:00",663,12.83,"2025-11-12 06:23:00",3.455,5.75,270.9,428.5,1.055,12.26,0.929,42.53
"2025-11-12 06:45:00",664,12.83,"2025-11-12 06:38:50",3.576,5.741,271,428.6,1.137,12.25,0.929,42.51
"2025-11-12 07:00:00",665,12.82,"2025-11-12 06:56:40",3.497,5.731,271,428.8,1.093,12.22,0.929,42.49
"2025-11-12 07:15:00",666,12.81,"2025-11-12 07:11:00",3.267,5.717,270.9,428.9,1.059,12.23,0.928,42.47
"2025-11-12 07:30:00",667,12.8,"2025-11-12 07:25:00",3.089,5.703,270.9,429.1,1.039,12.24,0.929,42.45
"2025-11-12 07:45:00",668,12.8,"2025-11-12 07:35:00",3.073,5.693,270.9,429.2,1.048,12.22,0.928,42.43
"2025-11-12 08:00:00",669,12.81,"2025-11-12 07:46:30",3.25,5.686,270.9,429.3,1.041,12.22,0.928,42.41
"2025-11-12 08:15:00",670,12.83,"2025-11-12 08:00:50",3.702,5.683,270.9,429.4,1.037,12.26,0.927,42.41
"2025-11-12 08:30:00",671,12.85,"2025-11-12 08:16:40",4.212,5.683,271,429.4,1.035,12.28,0.926,42.41
"2025-11-12 08:45:00",672,12.87,"2025-11-12 08:30:50",4.751,5.682,271,429.5,1.028,12.29,0.926,42.41
"2025-11-12 09:00:00",673,12.9,"2025-11-12 08:49:00",5.315,5.684,271,429.5,1.025,12.33,0.926,42.42
"2025-11-12 09:15:00",674,12.93,"2025-11-12 09:01:00",5.903,5.691,271.1,429.5,1.023,12.38,0.926,42.43
"2025-11-12 09:30:00",675,12.99,"2025-11-12 09:16:40",6.476,5.699,271.1,429.4,1.019,12.43,0.925,42.44
"2025-11-12 09:45:00",676,13.04,"2025-11-12 09:30:30",7.107,5.717,271.2,429.4,1.005,12.47,0.925,42.48
"2025-11-12 10:00:00",677,13.1,"2025-11-12 09:46:40",7.637,5.748,271.4,429.2,1.017,12.53,0.925,42.53
"2025-11-12 10:15:00",678,13.14,"2025-11-12 10:01:00",8.28,5.795,271.6,428.9,1.001,12.59,0.924,42.61
"2025-11-12 10:30:00",679,13.19,"2025-11-12 10:19:00",8.86,5.857,271.9,428.6,0.998,12.62,0.925,42.72
"2025-11-12 10:45:00",680,13.22,"2025-11-12 10:30:30",9.41,5.934,272.3,428.2,0.992,12.65,0.924,42.86
"2025-11-12 11:00:00",681,13.25,"2025-11-12 10:46:40",10,6.023,272.7,427.8,1.092,12.68,0.924,43.01
"2025-11-12 11:15:00",682,13.27,"2025-11-12 11:00:20",10.63,6.128,273.3,427.3,1.343,12.71,0.924,43.2
"2025-11-12 11:30:00",683,13.27,"2025-11-12 11:16:50",11.44,6.262,274,426.7,1.424,12.74,0.922,43.44
"2025-11-12 11:45:00",684,13.32,"2025-11-12 11:30:30",12.24,6.426,274.9,426.1,1.029,12.75,0.922,43.73
"2025-11-12 12:00:00",685,13.34,"2025-11-12 11:47:00",13.17,"NAN","NAN","NAN","NAN","NAN",0.923,44.06
"2025-11-12 12:15:00",686,13.34,"2025-11-12 12:05:00",14.08,6.804,277,424.6,0.969,12.8,0.923,44.4
"2025-11-12 12:30:00",687,13.35,"2025-11-12 12:18:50",14.53,7,278.2,423.9,0.965,12.79,0.922,44.76
"2025-11-12 12:45:00",688,13.35,"2025-11-12 12:30:50",14.63,7.185,279.3,423.3,0.947,12.79,0.921,45.09
"2025-11-12 13:00:00",689,13.35,"2025-11-12 12:46:50",14.87,7.375,280.4,422.7,1.042,12.79,0.921,45.44
"2025-11-12 13:15:00",690,13.35,"2025-11-12 13:07:00",15.6,7.567,281.5,422,1.525,12.8,0.921,45.79
"2025-11-12 13:30:00",691,13.35,"2025-11-12 13:16:50",16.38,7.761,282.7,421.4,1.159,12.79,0.92,46.14
"2025-11-12 13:45:00",692,13.35,"2025-11-12 13:30:30",16.45,7.936,283.7,420.9,0.984,12.78,0.92,46.46
"2025-11-12 14:00:00",693,13.36,"2025-11-12 13:46:20",16.36,8.09,284.7,420.5,0.933,12.79,0.92,46.75
"2025-11-12 14:15:00",694,13.37,"2025-11-12 14:00:40",16.35,8.22,285.5,420.1,0.937,12.83,0.92,47
"2025-11-12 14:30:00",695,13.39,"2025-11-12 14:16:10",16.72,8.33,286.1,419.8,0.92,12.84,0.92,47.2
"2025-11-12 14:45:00",696,13.45,"2025-11-12 14:30:10",17.44,8.4,286.5,419.5,0.934,12.89,0.92,47.34
"2025-11-12 15:00:00",697,13.43,"2025-11-12 14:54:20",18.13,8.43,286.6,419.4,0.919,12.89,0.921,47.39
"2025-11-12 15:15:00",698,13.48,"2025-11-12 15:02:20",18.62,8.41,286.5,419.3,0.929,12.94,0.919,47.37
"2025-11-12 15:30:00",699,13.43,"2025-11-12 15:29:50",18.8,8.32,285.8,419.4,0.937,12.91,0.919,47.23
"2025-11-12 15:45:00",700,13.38,"2025-11-12 15:44:30",18.59,8.23,285.2,419.6,0.933,12.84,0.919,47.06
"2025-11-12 16:00:00",701,13.31,"2025-11-12 15:59:00",18.32,8.15,284.7,419.8,0.926,12.79,0.92,46.9
"2025-11-12 16:15:00",702,13.25,"2025-11-12 16:15:00",17.91,8.04,284,420.1,0.928,12.74,0.919,46.7
"2025-11-12 16:30:00",703,13.21,"2025-11-12 16:29:00",17.3,7.911,283.3,420.6,0.932,12.68,0.919,46.46
"2025-11-12 16:45:00",704,13.17,"2025-11-12 16:44:50",16.57,7.8,282.7,421,0.943,12.63,0.918,46.26
"2025-11-12 17:00:00",705,13.15,"2025-11-12 16:58:50",15.69,7.695,282.2,421.5,0.949,12.6,0.918,46.06
"2025-11-12 17:15:00",706,13.12,"2025-11-12 17:15:00",14.74,7.585,281.7,422,0.945,12.58,0.918,45.87
"2025-11-12 17:30:00",707,13.1,"2025-11-12 17:27:00",13.8,7.497,281.3,422.5,0.921,12.55,0.917,45.7
"2025-11-12 17:45:00",708,13.07,"2025-11-12 17:44:50",12.89,7.415,280.9,423,1.057,12.51,0.917,45.55
"2025-11-12 18:00:00",709,13.06,"2025-11-12 17:56:40",11.98,"NAN","NAN","NAN","NAN","NAN",0.917,45.42
"2025-11-12 18:15:00",710,13.05,"2025-11-12 18:13:00",11.1,7.292,280.4,423.8,0.959,12.49,0.917,45.32
"2025-11-12 18:30:00",711,13.04,"2025-11-12 18:29:00",10.27,7.24,280.3,424.2,1.123,12.48,0.916,45.22
"2025-11-12 18:45:00",712,13.02,"2025-11-12 18:45:00",9.51,7.199,280.2,424.6,1.15,12.45,0.916,45.14
"2025-11-12 19:00:00",713,13.02,"2025-11-12 18:56:50",8.81,7.166,280.2,424.9,1.151,12.44,0.916,45.08
"2025-11-12 19:15:00",714,13,"2025-11-12 19:15:00",8.19,7.141,280.2,425.2,1.198,12.44,0.916,45.03
"2025-11-12 19:30:00",715,12.99,"2025-11-12 19:28:40",7.632,7.122,280.2,425.5,1.142,12.43,0.916,45
"2025-11-12 19:45:00",716,12.98,"2025-11-12 19:41:00",7.134,7.107,280.3,425.8,1.119,12.4,0.915,44.97
"2025-11-12 20:00:00",717,12.97,"2025-11-12 19:59:00",6.669,7.095,280.3,426,1.092,12.39,0.915,44.94
"2025-11-12 20:15:00",718,12.96,"2025-11-12 20:02:20",6.24,7.084,280.3,426.1,1.102,12.4,0.914,44.92
"2025-11-12 20:30:00",719,12.95,"2025-11-12 20:27:00",5.836,7.074,280.3,426.3,0.974,12.38,0.914,44.9
"2025-11-12 20:45:00",720,12.94,"2025-11-12 20:42:50",5.446,7.061,280.4,426.5,0.964,12.36,0.913,44.88
"2025-11-12 21:00:00",721,12.93,"2025-11-12 20:53:00",5.081,7.046,280.3,426.7,0.959,12.35,0.913,44.85
"2025-11-12 21:15:00",722,12.92,"2025-11-12 21:09:00",4.748,7.029,280.3,426.8,1.036,12.36,0.912,44.82
"2025-11-12 21:30:00",723,12.91,"2025-11-12 21:24:50",4.439,7.007,280.3,427.1,1.545,12.34,0.912,44.78
"2025-11-12 21:45:00",724,12.9,"2025-11-12 21:45:00",4.138,6.982,280.3,427.3,1.14,12.32,0.911,44.74
"2025-11-12 22:00:00",725,12.9,"2025-11-12 21:56:50",3.846,6.954,280.2,427.6,1.017,12.31,0.911,44.69
"2025-11-12 22:15:00",726,12.89,"2025-11-12 22:02:20",3.575,6.925,280.1,427.8,0.973,12.32,0.91,44.64
"2025-11-12 22:30:00",727,12.88,"2025-11-12 22:17:00",3.328,6.897,280.1,428.1,1.007,12.31,0.909,44.58
"2025-11-12 22:45:00",728,12.87,"2025-11-12 22:43:00",3.105,6.868,280,428.4,1.092,12.28,0.909,44.53
"2025-11-12 23:00:00",729,12.86,"2025-11-12 22:47:00",2.899,6.841,279.9,428.6,1.029,12.28,0.908,44.48
"2025-11-12 23:15:00",730,12.85,"2025-11-12 23:12:50",2.697,6.817,279.9,428.9,0.984,12.28,0.908,44.44
"2025-11-12 23:30:00",731,12.85,"2025-11-12 23:23:00",2.5,6.796,279.9,429.1,0.997,12.27,0.908,44.4
"2025-11-12 23:45:00",732,12.84,"2025-11-12 23:42:30",2.312,6.776,279.9,429.3,1.039,12.25,0.907,44.36
"2025-11-13 00:00:00",733,12.83,"2025-11-12 23:59:00",2.125,6.758,279.8,429.5,0.997,12.25,0.907,44.33
"2025-11-13 00:15:00",734,12.83,"2025-11-13 00:02:50",1.955,6.742,279.8,429.6,1.537,12.25,0.906,44.3
"2025-11-13 00:30:00",735,12.81,"2025-11-13 00:28:50",1.795,6.725,279.8,429.8,1.032,12.24,0.905,44.27
"2025-11-13 00:45:00",736,12.8,"2025-11-13 00:43:00",1.626,6.712,279.8,430,1.003,12.22,0.905,44.24
"2025-11-13 01:00:00",737,12.8,"2025-11-13 00:46:40",1.458,6.7,279.7,430.1,0.969,12.21,0.904,44.22
"2025-11-13 01:15:00",738,12.79,"2025-11-13 01:10:50",1.286,6.688,279.7,430.2,1.081,12.22,0.903,44.2
"2025-11-13 01:30:00",739,12.79,"2025-11-13 01:25:00",1.132,6.676,279.7,430.3,1.035,12.21,0.903,44.18
"2025-11-13 01:45:00",740,12.78,"2025-11-13 01:34:40",0.982,6.663,279.6,430.4,0.983,12.19,0.903,44.15
"2025-11-13 02:00:00",741,12.76,"2025-11-13 01:57:00",0.842,6.651,279.6,430.5,0.971,12.18,0.903,44.13
"2025-11-13 02:15:00",742,12.76,"2025-11-13 02:12:50",0.706,6.637,279.5,430.6,0.962,12.2,0.902,44.11
"2025-11-13 02:30:00",743,12.76,"2025-11-13 02:23:00",0.569,6.625,279.5,430.6,0.957,12.19,0.902,44.08
"2025-11-13 02:45:00",744,12.75,"2025-11-13 02:35:00",0.438,6.612,279.4,430.7,0.967,12.16,0.902,44.06
"2025-11-13 03:00:00",745,12.75,"2025-11-13 02:49:00",0.306,"NAN","NAN","NAN","NAN","NAN",0.901,44.03
"2025-11-13 03:15:00",746,12.74,"2025-11-13 03:07:00",0.192,"NAN","NAN","NAN","NAN","NAN",0.9,44
"2025-11-13 03:30:00",747,12.74,"2025-11-13 03:19:00",0.076,6.565,279.1,430.8,1.251,12.15,0.9,43.98
"2025-11-13 03:45:00",748,12.73,"2025-11-13 03:43:00",-0.037,6.549,279,430.9,1.078,12.14,0.9,43.95
"2025-11-13 04:00:00",749,12.73,"2025-11-13 03:47:00",-0.153,6.534,278.9,430.9,1.477,12.15,0.899,43.92
"2025-11-13 04:15:00",750,12.72,"2025-11-13 04:02:50",-0.273,6.516,278.8,431,1.234,12.15,0.898,43.88
"2025-11-13 04:30:00",751,12.71,"2025-11-13 04:19:00",-0.397,6.498,278.7,431,1.21,12.14,0.898,43.85
"2025-11-13 04:45:00",752,12.71,"2025-11-13 04:45:00",-0.505,6.481,278.6,431.1,1.053,12.13,0.898,43.82
"2025-11-13 05:00:00",753,12.7,"2025-11-13 04:50:50",-0.593,6.463,278.5,431.2,0.982,12.14,0.898,43.79
"2025-11-13 05:15:00",754,12.7,"2025-11-13 05:15:00",-0.675,6.445,278.4,431.2,0.957,12.14,0.897,43.76
"2025-11-13 05:30:00",755,12.69,"2025-11-13 05:29:00",-0.712,6.427,278.3,431.3,0.954,12.13,0.897,43.73
"2025-11-13 05:45:00",756,12.69,"2025-11-13 05:38:40",-0.729,6.408,278.2,431.4,0.954,12.13,0.897,43.69
"2025-11-13 06:00:00",757,12.69,"2025-11-13 05:49:00",-0.697,"NAN","NAN","NAN","NAN","NAN",0.896,43.67
"2025-11-13 06:15:00",758,12.68,"2025-11-13 06:01:00",-0.733,6.371,278.1,431.7,1.24,12.12,0.896,43.63
"2025-11-13 06:30:00",759,12.68,"2025-11-13 06:29:00",-0.826,6.347,278,431.8,1.467,12.12,0.896,43.58
"2025-11-13 06:45:00",760,12.67,"2025-11-13 06:39:00",-0.915,6.32,277.8,431.9,1.241,12.12,0.895,43.54
"2025-11-13 07:00:00",761,12.67,"2025-11-13 06:47:00",-0.991,6.294,277.7,432.1,1.003,12.12,0.895,43.49
"2025-11-13 07:15:00",762,12.67,"2025-11-13 07:00:40",-1.077,6.263,277.6,432.3,0.979,12.12,0.894,43.44
"2025-11-13 07:30:00",763,12.65,"2025-11-13 07:27:00",-1.177,6.233,277.4,432.4,1.175,12.12,0.893,43.38
"2025-11-13 07:45:00",764,12.67,"2025-11-13 07:33:00",-1.243,6.201,277.3,432.6,1.504,12.12,0.892,43.33
"2025-11-13 08:00:00",765,12.69,"2025-11-13 07:46:50",-1.245,"NAN","NAN","NAN","NAN","NAN",0.892,43.28
"2025-11-13 08:15:00",766,12.74,"2025-11-13 08:03:00",-1.232,6.149,277,432.8,1.013,12.13,0.891,43.24
"2025-11-13 08:30:00",767,12.77,"2025-11-13 08:17:00",-1.152,6.126,276.8,432.9,0.951,12.17,0.89,43.2
"2025-11-13 08:45:00",768,12.85,"2025-11-13 08:30:40",-0.955,6.11,276.7,432.9,0.947,12.25,0.889,43.17
"2025-11-13 09:00:00",769,12.92,"2025-11-13 08:47:00",-0.656,6.099,276.6,432.8,0.93,12.3,0.888,43.15
"2025-11-13 09:15:00",770,13,"2025-11-13 09:01:00",-0.347,6.094,276.5,432.7,0.933,12.42,0.887,43.15
"2025-11-13 09:30:00",771,13.18,"2025-11-13 09:17:00",0.061,6.103,276.4,432.6,0.916,12.61,0.884,43.16
"2025-11-13 09:45:00",772,13.37,"2025-11-13 09:30:10",0.757,6.125,276.4,432.3,0.926,12.77,0.884,43.21
"2025-11-13 10:00:00",773,13.48,"2025-11-13 09:46:40",1.581,6.158,276.5,431.9,0.927,12.89,0.882,43.27
"2025-11-13 10:15:00",774,13.55,"2025-11-13 10:06:50",2.509,6.204,276.6,431.4,0.914,12.95,0.881,43.35
"2025-11-13 10:30:00",775,13.62,"2025-11-13 10:16:30",3.497,6.264,276.7,430.9,0.911,13,0.88,43.46
"2025-11-13 10:45:00",776,13.64,"2025-11-13 10:45:00",4.63,6.343,277,430.4,0.898,13.04,0.879,43.6
"2025-11-13 11:00:00",777,13.55,"2025-11-13 10:59:00",5.916,6.432,277.3,429.7,0.893,13,0.877,43.76
"2025-11-13 11:15:00",778,13.51,"2025-11-13 11:07:00",7.221,6.52,277.7,429.1,0.888,12.93,0.876,43.92
"2025-11-13 11:30:00",779,13.48,"2025-11-13 11:28:50",8.53,6.612,278,428.5,0.889,12.89,0.875,44.08
"2025-11-13 11:45:00",780,13.49,"2025-11-13 11:33:00",9.77,6.718,278.5,428,0.881,12.9,0.874,44.26
"2025-11-13 12:00:00",781,13.52,"2025-11-13 11:47:00",11.23,6.854,279.2,427.4,0.887,12.93,0.873,44.5
"2025-11-13 12:15:00",782,13.48,"2025-11-13 12:04:40",12.35,6.997,280,426.7,0.887,12.9,0.873,44.76
"2025-11-13 12:30:00",783,13.52,"2025-11-13 12:22:10",12.93,7.116,280.6,426.1,1.118,12.92,0.872,44.98
"2025-11-13 12:45:00",784,13.5,"2025-11-13 12:37:00",13.53,7.279,281.5,425.5,2.093,12.93,0.873,45.27
"2025-11-13 13:00:00",785,13.43,"2025-11-13 12:59:00",13.99,7.426,282.2,424.8,2.685,12.91,0.871,45.54
"2025-11-13 13:15:00",786,13.42,"2025-11-13 13:14:50",14.28,7.521,282.7,424.3,2.251,12.83,0.87,45.72
"2025-11-13 13:30:00",787,13.39,"2025-11-13 13:17:00",14.8,7.63,283.2,423.8,1.761,12.81,0.87,45.91
"2025-11-13 13:45:00",788,13.39,"2025-11-13 13:38:40",14.97,"NAN","NAN","NAN","NAN","NAN",0.871,46.13
"2025-11-13 14:00:00",789,13.42,"2025-11-13 13:46:40",15.06,7.883,284.6,422.8,0.903,12.85,0.871,46.38
"2025-11-13 14:15:00",790,13.43,"2025-11-13 14:04:30",15.28,8,285.2,422.3,0.905,12.87,0.87,46.59
"2025-11-13 14:30:00",791,13.48,"2025-11-13 14:16:40",15.48,8.04,285.3,422,0.874,12.9,0.869,46.68
"2025-11-13 14:45:00",792,13.61,"2025-11-13 14:45:00",16.18,8.13,285.8,421.7,0.863,13.03,0.869,46.87
"2025-11-13 15:00:00",793,13.55,"2025-11-13 14:52:30",17.38,8.23,286.5,421.4,0.851,12.98,0.87,47.07
"2025-11-13 15:15:00",794,13.53,"2025-11-13 15:10:40",18.22,"NAN","NAN","NAN","NAN","NAN",0.869,47.17
"2025-11-13 15:30:00",795,13.5,"2025-11-13 15:23:00",18.59,8.25,286.3,421,0.851,12.93,0.87,47.12
"2025-11-13 15:45:00",796,13.43,"2025-11-13 15:44:40",18.42,8.19,285.8,420.9,0.868,12.87,0.871,47.01
"2025-11-13 16:00:00",797,13.34,"2025-11-13 15:59:00",18.08,8.12,285.2,420.9,0.864,12.81,0.871,46.87
"2025-11-13 16:15:00",798,13.28,"2025-11-13 16:15:00",17.51,8.02,284.5,421,0.863,12.72,0.871,46.7
"2025-11-13 16:30:00",799,13.23,"2025-11-13 16:29:00",16.53,7.907,283.8,421.4,0.852,12.66,0.871,46.48
"2025-11-13 16:45:00",800,13.2,"2025-11-13 16:45:00",15.37,7.803,283.2,421.7,0.861,12.62,0.871,46.28
"2025-11-13 17:00:00",801,13.18,"2025-11-13 16:58:50",14.22,7.705,282.7,422.2,0.859,12.59,0.872,46.1
"2025-11-13 17:15:00",802,13.15,"2025-11-13 17:15:00",13.15,7.608,282.2,422.6,0.88,12.56,0.873,45.92
"2025-11-13 17:30:00",803,13.13,"2025-11-13 17:28:40",12.18,7.515,281.8,423.1,0.897,12.54,0.872,45.76
"2025-11-13 17:45:00",804,13.11,"2025-11-13 17:43:00",11.31,7.437,281.4,423.5,0.852,12.51,0.873,45.6
"2025-11-13 18:00:00",805,13.1,"2025-11-13 17:58:50",10.48,7.363,281.1,423.9,0.871,12.5,0.873,45.46
"2025-11-13 18:15:00",806,13.09,"2025-11-13 18:14:20",9.68,7.298,280.8,424.3,0.874,12.48,0.874,45.34
"2025-11-13 18:30:00",807,13.08,"2025-11-13 18:25:00",8.95,7.242,280.6,424.6,0.873,12.47,0.875,45.24
"2025-11-13 18:45:00",808,13.07,"2025-11-13 18:39:00",8.29,7.193,280.4,424.9,1.387,12.45,0.874,45.14
"2025-11-13 19:00:00",809,13.06,"2025-11-13 18:53:00",7.687,7.149,280.3,425.3,1.865,12.44,0.874,45.06
"2025-11-13 19:15:00",810,13.04,"2025-11-13 19:07:00",7.147,7.107,280.1,425.6,1.142,12.43,0.874,44.98
"2025-11-13 19:30:00",811,13.03,"2025-11-13 19:27:00",6.649,7.073,280.1,425.9,0.979,12.42,0.875,44.92
"2025-11-13 19:45:00",812,13.02,"2025-11-13 19:41:00",6.202,7.042,280,426.2,1.041,12.41,0.875,44.86
"2025-11-13 20:00:00",813,13.01,"2025-11-13 19:59:00",5.797,7.013,279.9,426.4,1.063,12.4,0.875,44.8
"2025-11-13 20:15:00",814,13.01,"2025-11-13 20:14:40",5.416,6.989,279.8,426.6,0.939,12.39,0.875,44.76
"2025-11-13 20:30:00",815,13,"2025-11-13 20:21:00",5.068,6.966,279.7,426.7,1.09,12.38,0.875,44.71
"2025-11-13 20:45:00",816,12.98,"2025-11-13 20:45:00",4.753,6.944,279.7,426.9,1.25,12.37,0.875,44.67
"2025-11-13 21:00:00",817,12.98,"2025-11-13 20:58:50",4.456,6.922,279.6,427,0.902,12.36,0.876,44.63
"2025-11-13 21:15:00",818,12.97,"2025-11-13 21:13:00",4.173,"NAN","NAN","NAN","NAN","NAN",0.876,44.59
"2025-11-13 21:30:00",819,12.97,"2025-11-13 21:23:00",3.907,6.878,279.4,427.3,0.891,12.35,0.876,44.55
"2025-11-13 21:45:00",820,12.96,"2025-11-13 21:39:00",3.665,6.852,279.3,427.5,0.88,12.34,0.876,44.51
"2025-11-13 22:00:00",821,12.95,"2025-11-13 21:56:50",3.447,6.825,279.2,427.7,0.884,12.33,0.876,44.46
"2025-11-13 22:15:00",822,12.95,"2025-11-13 22:07:00",3.238,6.794,279.1,427.9,0.885,12.32,0.876,44.4
"2025-11-13 22:30:00",823,12.94,"2025-11-13 22:29:00",3.038,6.763,279,428.1,1.053,12.32,0.876,44.35
"2025-11-13 22:45:00",824,12.93,"2025-11-13 22:42:50",2.842,6.73,278.8,428.3,0.942,12.31,0.876,44.29
"2025-11-13 23:00:00",825,12.92,"2025-11-13 22:51:00",2.644,6.697,278.7,428.6,0.91,12.31,0.876,44.23
"2025-11-13 23:15:00",826,12.91,"2025-11-13 23:15:00",2.462,6.665,278.6,428.8,0.916,12.3,0.876,44.17
"2025-11-13 23:30:00",827,12.91,"2025-11-13 23:17:00",2.284,6.633,278.5,429,0.913,12.29,0.876,44.12
"2025-11-13 23:45:00",828,12.9,"2025-11-13 23:43:00",2.108,6.604,278.4,429.2,0.911,12.28,0.876,44.06
"2025-11-14 00:00:00",829,12.9,"2025-11-13 23:53:00",1.935,6.576,278.3,429.4,0.913,12.28,0.876,44.01
"2025-11-14 00:15:00",830,12.89,"2025-11-14 00:05:00",1.771,6.55,278.2,429.6,0.98,12.27,0.876,43.96
"2025-11-14 00:30:00",831,12.88,"2025-11-14 00:20:50",1.614,6.528,278.1,429.7,0.949,12.26,0.875,43.92
"2025-11-14 00:45:00",832,12.88,"2025-11-14 00:44:50",1.473,6.508,278,429.9,0.93,12.26,0.876,43.88
"2025-11-14 01:00:00",833,12.87,"2025-11-14 00:52:50",1.32,6.489,278,430,0.906,12.25,0.876,43.85
"2025-11-14 01:15:00",834,12.86,"2025-11-14 01:08:50",1.187,6.472,277.9,430.1,0.931,12.24,0.876,43.82
"2025-11-14 01:30:00",835,12.86,"2025-11-14 01:16:50",1.059,6.456,277.8,430.2,0.949,12.23,0.876,43.79
"2025-11-14 01:45:00",836,12.85,"2025-11-14 01:45:00",0.938,6.443,277.7,430.2,0.913,12.23,0.876,43.76
"2025-11-14 02:00:00",837,12.85,"2025-11-14 01:46:50",0.833,6.429,277.7,430.3,0.927,12.22,0.876,43.74
"2025-11-14 02:15:00",838,12.84,"2025-11-14 02:02:20",0.736,6.417,277.6,430.3,0.944,12.22,0.875,43.72
"2025-11-14 02:30:00",839,12.84,"2025-11-14 02:24:50",0.642,6.405,277.5,430.4,0.909,12.21,0.875,43.69
"2025-11-14 02:45:00",840,12.83,"2025-11-14 02:37:00",0.546,6.393,277.4,430.4,0.948,12.21,0.876,43.67
"2025-11-14 03:00:00",841,12.82,"2025-11-14 02:53:00",0.453,6.382,277.4,430.4,1.035,12.19,0.875,43.65
"2025-11-14 03:15:00",842,12.81,"2025-11-14 03:15:00",0.365,6.371,277.3,430.5,1.151,12.19,0.875,43.63
"2025-11-14 03:30:00",843,12.8,"2025-11-14 03:25:00",0.298,6.358,277.2,430.5,1.035,12.18,0.875,43.61
"2025-11-14 03:45:00",844,12.8,"2025-11-14 03:38:50",0.224,6.348,277.1,430.5,0.965,12.18,0.875,43.59
"2025-11-14 04:00:00",845,12.79,"2025-11-14 03:47:00",0.133,6.338,277.1,430.5,0.952,12.17,0.874,43.57
"2025-11-14 04:15:00",846,12.78,"2025-11-14 04:02:20",0.069,6.325,277,430.6,0.948,12.16,0.875,43.55
"2025-11-14 04:30:00",847,12.78,"2025-11-14 04:23:00",-0.006,6.313,276.9,430.6,0.943,12.15,0.874,43.53
"2025-11-14 04:45:00",848,12.76,"2025-11-14 04:45:00",-0.065,6.301,276.8,430.6,0.977,12.14,0.875,43.5
"2025-11-14 05:00:00",849,12.76,"2025-11-14 04:46:20",-0.124,6.286,276.8,430.7,0.987,12.18,0.875,43.48
"2025-11-14 05:15:00",850,12.75,"2025-11-14 05:07:00",-0.178,6.275,276.7,430.7,0.971,12.2,0.875,43.46
"2025-11-14 05:30:00",851,12.75,"2025-11-14 05:19:00",-0.235,6.263,276.6,430.8,0.94,12.19,0.875,43.43
"2025-11-14 05:45:00",852,12.74,"2025-11-14 05:31:00",-0.292,6.246,276.6,430.9,0.946,12.18,0.875,43.41
"2025-11-14 06:00:00",853,12.73,"2025-11-14 05:53:00",-0.29,6.229,276.5,431,0.966,12.17,0.875,43.37
"2025-11-14 06:15:00",854,12.72,"2025-11-14 06:15:00",-0.318,6.211,276.4,431.1,0.96,12.17,0.875,43.34
"2025-11-14 06:30:00",855,12.71,"2025-11-14 06:25:00",-0.366,6.195,276.3,431.2,1.088,12.16,0.874,43.31
"2025-11-14 06:45:00",856,12.71,"2025-11-14 06:43:00",-0.421,6.179,276.3,431.4,1.005,12.15,0.874,43.28
"2025-11-14 07:00:00",857,12.7,"2025-11-14 06:50:50",-0.467,6.161,276.2,431.5,0.995,12.14,0.874,43.25
"2025-11-14 07:15:00",858,12.7,"2025-11-14 07:09:00",-0.497,6.143,276.2,431.7,1.325,12.14,0.874,43.22
"2025-11-14 07:30:00",859,12.69,"2025-11-14 07:19:00",-0.5,6.12,276.1,431.8,1.04,12.13,0.874,43.18
"2025-11-14 07:45:00",860,12.7,"2025-11-14 07:30:40",-0.499,6.1,276.1,432,0.949,12.14,0.873,43.15
"2025-11-14 08:00:00",861,12.71,"2025-11-14 07:46:50",-0.421,6.09,276.1,432.2,0.908,12.16,0.874,43.13
"2025-11-14 08:15:00",862,12.73,"2025-11-14 08:01:00",-0.235,6.079,276,432.3,0.914,12.18,0.874,43.11
"2025-11-14 08:30:00",863,12.74,"2025-11-14 08:16:50",-0.076,6.064,276,432.3,0.906,12.2,0.874,43.09
"2025-11-14 08:45:00",864,12.8,"2025-11-14 08:30:50",0.17,6.057,276,432.4,0.903,12.28,0.873,43.08
"2025-11-14 09:00:00",865,12.89,"2025-11-14 08:46:30",0.618,6.06,276,432.5,0.911,12.31,0.873,43.09
"2025-11-14 09:15:00",866,12.95,"2025-11-14 09:02:20",1.23,6.069,276.1,432.4,0.913,12.37,0.873,43.1
"2025-11-14 09:30:00",867,13.12,"2025-11-14 09:16:10",1.929,6.089,276.2,432.3,0.921,12.57,0.872,43.14
"2025-11-14 09:45:00",868,13.29,"2025-11-14 09:31:00",3.09,6.128,276.4,432.1,0.91,12.7,0.872,43.22
"2025-11-14 10:00:00",869,13.37,"2025-11-14 09:54:30",4.376,6.183,276.6,431.8,0.901,12.8,0.871,43.32
"2025-11-14 10:15:00",870,13.29,"2025-11-14 10:11:00",6.116,6.258,276.9,431.3,0.917,12.79,0.871,43.45
"2025-11-14 10:30:00",871,13.34,"2025-11-14 10:16:10",8.29,6.331,277.2,430.9,0.911,12.74,0.871,43.58
"2025-11-14 10:45:00",872,13.37,"2025-11-14 10:30:40",10.21,6.42,277.7,430.4,0.913,12.8,0.871,43.74
"2025-11-14 11:00:00",873,13.37,"2025-11-14 10:57:00",11.99,6.524,278.2,430,0.911,12.79,0.87,43.92
"2025-11-14 11:15:00",874,13.38,"2025-11-14 11:00:30",13.42,6.631,278.8,429.5,0.906,12.81,0.871,44.12
"2025-11-14 11:30:00",875,13.42,"2025-11-14 11:19:00",14.74,6.771,279.6,428.9,0.91,12.87,0.871,44.36
"2025-11-14 11:45:00",876,13.45,"2025-11-14 11:30:10",15.94,6.93,280.5,428.3,0.895,12.89,0.87,44.64
"2025-11-14 12:00:00",877,13.44,"2025-11-14 11:58:30",17.16,7.119,281.5,427.6,0.889,12.91,0.871,44.98
"2025-11-14 12:15:00",878,13.43,"2025-11-14 12:04:20",17.97,7.291,282.5,426.9,0.898,12.85,0.87,45.29
"2025-11-14 12:30:00",879,13.46,"2025-11-14 12:28:50",18.43,7.444,283.3,426.2,0.883,12.9,0.869,45.57
"2025-11-14 12:45:00",880,13.43,"2025-11-14 12:45:00",18.95,7.604,284.2,425.6,2.158,12.86,0.87,45.86
"2025-11-14 13:00:00",881,13.43,"2025-11-14 12:48:40",19.51,7.795,285.3,425,2.077,12.89,0.869,46.2
"2025-11-14 13:15:00",882,13.45,"2025-11-14 13:00:10",20.2,7.978,286.4,424.4,1.828,12.91,0.87,46.54
"2025-11-14 13:30:00",883,13.44,"2025-11-14 13:28:50",20.78,8.14,287.3,423.9,1.247,12.9,0.87,46.83
"2025-11-14 13:45:00",884,13.44,"2025-11-14 13:38:50",21.01,8.25,287.9,423.3,0.899,12.9,0.868,47.06
"2025-11-14 14:00:00",885,13.39,"2025-11-14 13:49:00",21.23,"NAN","NAN","NAN","NAN","NAN",0.868,47.25
"2025-11-14 14:15:00",886,13.43,"2025-11-14 14:08:40",21.61,"NAN","NAN","NAN","NAN","NAN",0.869,47.53
"2025-11-14 14:30:00",887,13.4,"2025-11-14 14:28:50",22.25,8.7,290.6,422,0.827,12.89,0.869,47.87
"2025-11-14 14:45:00",888,13.4,"2025-11-14 14:35:00",22.8,8.85,291.4,421.4,0.811,12.91,0.868,48.14
"2025-11-14 15:00:00",889,13.4,"2025-11-14 14:50:30",23.22,8.98,292.1,421,0.793,12.94,0.867,48.4
"2025-11-14 15:15:00",890,13.45,"2025-11-14 15:13:00",23.68,9.07,292.6,420.5,0.878,12.94,0.868,48.58
"2025-11-14 15:30:00",891,13.45,"2025-11-14 15:27:00",23.99,9.1,292.6,420.3,0.885,12.89,0.868,48.65
"2025-11-14 15:45:00",892,13.4,"2025-11-14 15:45:00",23.93,9.08,292.4,420.1,0.87,12.87,0.869,48.62
"2025-11-14 16:00:00",893,13.36,"2025-11-14 15:48:50",23.79,9.02,291.9,420.2,0.846,12.84,0.868,48.51
"2025-11-14 16:15:00",894,13.35,"2025-11-14 16:05:00",23.55,8.97,291.6,420.3,0.869,12.8,0.868,48.4
"2025-11-14 16:30:00",895,13.32,"2025-11-14 16:28:40",23.23,8.9,291.2,420.5,0.811,12.79,0.867,48.3
"2025-11-14 16:45:00",896,13.25,"2025-11-14 16:44:40",22.85,8.85,291,420.7,0.826,12.74,0.868,48.18
"2025-11-14 17:00:00",897,13.21,"2025-11-14 16:59:00",22.17,8.77,290.5,421.1,0.817,12.67,0.868,48.01
"2025-11-14 17:15:00",898,13.17,"2025-11-14 17:14:40",21.23,8.67,290,421.5,0.82,12.61,0.867,47.84
"2025-11-14 17:30:00",899,13.14,"2025-11-14 17:27:00",20.36,8.59,289.6,421.8,0.82,12.59,0.867,47.69
"2025-11-14 17:45:00",900,13.12,"2025-11-14 17:44:50",19.4,8.51,289.3,422.2,0.821,12.57,0.867,47.56
"2025-11-14 18:00:00",901,13.11,"2025-11-14 17:58:40",18.38,8.44,288.9,422.5,0.827,12.55,0.867,47.42
"2025-11-14 18:15:00",902,13.09,"2025-11-14 18:10:50",17.42,8.37,288.6,422.9,0.847,12.52,0.867,47.28
"2025-11-14 18:30:00",903,13.08,"2025-11-14 18:22:40",16.52,8.31,288.3,423.3,0.919,12.51,0.866,47.16
"2025-11-14 18:45:00",904,13.07,"2025-11-14 18:40:30",15.69,8.25,288.2,423.7,1.033,12.51,0.866,47.06
"2025-11-14 19:00:00",905,13.06,"2025-11-14 18:56:40",14.93,8.2,288.1,424.1,0.969,12.49,0.866,46.97
"2025-11-14 19:15:00",906,13.05,"2025-11-14 19:02:10",14.25,8.16,288,424.5,0.899,12.46,0.866,46.89
"2025-11-14 19:30:00",907,13.04,"2025-11-14 19:27:00",13.61,8.12,287.9,424.8,0.885,12.47,0.865,46.82
"2025-11-14 19:45:00",908,13.04,"2025-11-14 19:41:00",13.08,8.09,287.9,425.2,0.873,12.47,0.866,46.76
"2025-11-14 20:00:00",909,13.03,"2025-11-14 19:58:40",12.59,8.06,287.8,425.4,0.859,12.46,0.865,46.7
"2025-11-14 20:15:00",910,13.02,"2025-11-14 20:09:00",12.13,8.04,287.8,425.6,1.696,12.43,0.865,46.66
"2025-11-14 20:30:00",911,13.01,"2025-11-14 20:27:00",11.72,8.02,287.7,425.8,0.917,12.43,0.865,46.62
"2025-11-14 20:45:00",912,13,"2025-11-14 20:45:00",11.36,8,287.7,426,1.012,12.43,0.864,46.59
"2025-11-14 21:00:00",913,13,"2025-11-14 20:56:30",11.01,7.994,287.7,426.1,0.983,12.42,0.864,46.57
