"TOA5","IFA_Wyandotte_Lake","CR800","47629","CR800.Std.32.05","CPU:Blue_River_Wyandotte_Mill.CR8","61453","Wyandotte_15_min"
"TIMESTAMP","RECORD","BattV_Min","BattV_TMn","PTemp_C_Avg","Temperature_Avg","Cond_Avg","Sp_Cond_Avg","Turbidity_Avg","Cable_Pwr_Avg","Lvl_ft_Avg","Temp_F_2_Avg"
"TS","RN","Volts","","Deg C","C","uS/cm","uS/Cm","NTU","volts","feet","deg F"
"","","Min","TMn","Avg","Avg","Avg","Avg","Avg","Avg","Avg","Avg"
"2025-11-04 13:15:00",5,9.96,"2025-11-04 13:08:20",18.58,"NAN","NAN","NAN","NAN","NAN",1.756,51.3
"2025-11-04 13:30:00",6,12.44,"2025-11-04 13:28:30",18.97,10.57,299.7,413.7,1.737,11.5,1.753,51.29
"2025-11-04 13:45:00",7,12.46,"2025-11-04 13:31:00",19.37,10.64,300.2,413.6,0.677,11.51,1.753,51.41
"2025-11-04 14:00:00",8,12.44,"2025-11-04 13:58:40",19.8,10.72,300.7,413.5,0.323,11.54,1.75,51.54
"2025-11-04 14:15:00",9,12.43,"2025-11-04 14:14:30",19.6,10.75,300.9,413.4,0.249,11.49,1.748,51.6
"2025-11-04 14:30:00",10,12.39,"2025-11-04 14:28:50",19.3,10.77,301,413.3,0.181,11.48,1.746,51.64
"2025-11-04 14:45:00",11,12.33,"2025-11-04 14:44:50",18.92,10.79,301.1,413.2,0.175,11.41,1.744,51.67
"2025-11-04 15:00:00",12,12.31,"2025-11-04 14:47:00",18.46,10.81,301.3,413.3,0.247,11.38,1.742,51.71
"2025-11-04 15:15:00",13,12.35,"2025-11-04 15:00:30",18.06,10.84,301.4,413.2,0.133,11.42,1.741,51.75
"2025-11-04 15:30:00",14,12.39,"2025-11-04 15:29:00",17.89,10.86,301.6,413.1,0.171,11.47,1.739,51.8
"2025-11-04 15:45:00",15,12.33,"2025-11-04 15:45:00",17.87,10.89,301.8,413.1,0.189,11.41,1.737,51.85
"2025-11-04 16:00:00",16,12.32,"2025-11-04 15:56:50",17.81,10.91,301.9,413,0.192,11.37,1.736,51.88
"2025-11-04 16:15:00",17,12.3,"2025-11-04 16:13:00",17.67,10.93,302,413,0.185,11.35,1.734,51.92
"2025-11-04 16:30:00",18,12.26,"2025-11-04 16:28:20",17.43,10.95,302.1,413,0.147,11.32,1.732,51.94
"2025-11-04 16:45:00",19,12.25,"2025-11-04 16:42:40",17.06,10.96,302.3,413,0.13,11.29,1.731,51.98
"2025-11-04 17:00:00",20,12.19,"2025-11-04 16:56:20",16.62,"NAN","NAN","NAN","NAN","NAN",1.729,52
"2025-11-04 17:15:00",21,12.2,"2025-11-04 17:15:00",16.14,10.99,302.4,413,0.102,11.23,1.728,52.01
"2025-11-04 17:30:00",22,12.19,"2025-11-04 17:28:50",15.6,10.99,302.5,413,0.111,11.22,1.726,52.03
"2025-11-04 17:45:00",23,12.17,"2025-11-04 17:41:00",15.01,11,302.7,413.1,0.133,11.21,1.725,52.04
"2025-11-04 18:00:00",24,12.16,"2025-11-04 17:51:00",14.38,11.01,302.7,413.2,0.082,11.2,1.723,52.05
"2025-11-04 18:15:00",25,12.16,"2025-11-04 18:00:50",13.75,11.01,302.9,413.3,0.103,11.19,1.722,52.06
"2025-11-04 18:30:00",26,12.15,"2025-11-04 18:25:00",13.16,11.01,303,413.4,0.102,11.18,1.72,52.06
"2025-11-04 18:45:00",27,12.14,"2025-11-04 18:39:00",12.6,11.02,303.1,413.5,0.129,11.14,1.718,52.07
"2025-11-04 19:00:00",28,12.13,"2025-11-04 18:47:00",12.08,11.02,303.2,413.7,0.094,11.15,1.716,52.07
"2025-11-04 19:15:00",29,12.13,"2025-11-04 19:12:40",11.61,11.02,303.3,413.8,0.099,11.13,1.715,52.06
"2025-11-04 19:30:00",30,12.13,"2025-11-04 19:29:00",11.17,11.01,303.3,413.9,0.087,11.13,1.712,52.06
"2025-11-04 19:45:00",31,12.12,"2025-11-04 19:43:00",10.75,11.01,303.4,414,0.093,11.12,1.71,52.06
"2025-11-04 20:00:00",32,12.13,"2025-11-04 19:56:10",10.38,11.01,303.4,414.1,0.135,11.13,1.71,52.05
"2025-11-04 20:15:00",33,12.12,"2025-11-04 20:12:40",10.03,11,303.5,414.2,0.093,11.12,1.708,52.04
"2025-11-04 20:30:00",34,12.12,"2025-11-04 20:24:50",9.69,11,303.5,414.3,0.063,11.12,1.706,52.03
"2025-11-04 20:45:00",35,12.1,"2025-11-04 20:36:50",9.35,10.99,303.6,414.5,0.021,11.09,1.704,52.02
"2025-11-04 21:00:00",36,12.11,"2025-11-04 20:52:40",9.05,10.98,303.5,414.5,0.035,11.1,1.702,52
"2025-11-04 21:15:00",37,12.1,"2025-11-04 21:01:00",8.78,10.97,303.6,414.7,0.086,11.1,1.701,51.99
"2025-11-04 21:30:00",38,12.1,"2025-11-04 21:28:10",8.52,10.96,303.6,414.7,0.055,11.1,1.7,51.97
"2025-11-04 21:45:00",39,12.09,"2025-11-04 21:45:00",8.27,10.95,303.6,414.9,0.015,11.08,1.697,51.95
"2025-11-04 22:00:00",40,12.09,"2025-11-04 21:46:50",8.01,10.94,303.6,415,0.009,11.1,1.695,51.93
"2025-11-04 22:15:00",41,12.09,"2025-11-04 22:01:00",7.791,10.93,303.6,415.1,0.069,11.1,1.695,51.91
"2025-11-04 22:30:00",42,12.08,"2025-11-04 22:27:00",7.582,10.92,303.6,415.3,0.049,11.09,1.692,51.89
"2025-11-04 22:45:00",43,12.08,"2025-11-04 22:30:50",7.379,10.91,303.6,415.5,0.007,11.08,1.69,51.86
"2025-11-04 23:00:00",44,12.08,"2025-11-04 22:55:00",7.179,10.89,303.6,415.6,0.053,11.08,1.689,51.83
"2025-11-04 23:15:00",45,12.08,"2025-11-04 23:07:00",6.988,10.87,303.5,415.7,0.047,11.08,1.687,51.81
"2025-11-04 23:30:00",46,12.07,"2025-11-04 23:28:10",6.801,10.86,303.5,415.8,0.021,11.06,1.685,51.78
"2025-11-04 23:45:00",47,12.07,"2025-11-04 23:31:00",6.622,10.84,303.5,416,0.049,11.07,1.683,51.75
"2025-11-05 00:00:00",48,12.07,"2025-11-04 23:57:00",6.463,10.82,303.5,416.2,-0.001,11.06,1.682,51.72
"2025-11-05 00:15:00",49,12.05,"2025-11-05 00:00:40",6.318,10.81,303.4,416.2,0.097,11.05,1.68,51.69
"2025-11-05 00:30:00",50,12.06,"2025-11-05 00:24:40",6.178,10.79,303.3,416.4,0.045,11.04,1.678,51.66
"2025-11-05 00:45:00",51,12.06,"2025-11-05 00:30:30",6.056,10.77,303.4,416.6,0.027,11.04,1.677,51.62
"2025-11-05 01:00:00",52,12.05,"2025-11-05 00:57:00",5.955,10.75,303.3,416.6,-0.019,11.05,1.675,51.59
"2025-11-05 01:15:00",53,12.05,"2025-11-05 01:11:00",5.842,10.73,303.2,416.7,-0.015,11.03,1.673,51.56
"2025-11-05 01:30:00",54,12.05,"2025-11-05 01:22:30",5.727,10.71,303.1,416.9,-0.032,11.03,1.671,51.52
"2025-11-05 01:45:00",55,12.04,"2025-11-05 01:45:00",5.619,10.69,303.1,417,-0.021,11.03,1.67,51.48
"2025-11-05 02:00:00",56,12.04,"2025-11-05 01:47:00",5.52,10.67,303,417.1,-0.04,11.03,1.668,51.45
"2025-11-05 02:15:00",57,12.04,"2025-11-05 02:02:30",5.412,10.65,302.9,417.3,-0.01,11.03,1.666,51.41
"2025-11-05 02:30:00",58,12.04,"2025-11-05 02:26:30",5.34,10.63,302.8,417.4,-0.057,11.04,1.664,51.36
"2025-11-05 02:45:00",59,12.04,"2025-11-05 02:30:50",5.293,10.6,302.7,417.5,-0.038,11.02,1.663,51.32
"2025-11-05 03:00:00",60,12.03,"2025-11-05 02:57:00",5.254,10.58,302.6,417.6,0.013,11.01,1.661,51.28
"2025-11-05 03:15:00",61,12.03,"2025-11-05 03:01:00",5.214,10.56,302.5,417.7,-0.052,11.01,1.66,51.24
"2025-11-05 03:30:00",62,12.03,"2025-11-05 03:28:30",5.161,10.53,302.3,417.8,-0.039,11.03,1.658,51.19
"2025-11-05 03:45:00",63,12.02,"2025-11-05 03:40:40",5.11,"NAN","NAN","NAN","NAN","NAN",1.656,51.14
"2025-11-05 04:00:00",64,12.02,"2025-11-05 03:59:00",5.043,10.48,302.1,418,-0.025,11,1.655,51.1
"2025-11-05 04:15:00",65,12.02,"2025-11-05 04:03:00",4.969,10.45,301.9,418.1,-0.017,11.01,1.653,51.05
"2025-11-05 04:30:00",66,12.02,"2025-11-05 04:28:50",4.897,10.43,301.8,418.2,0.004,11.01,1.65,51
"2025-11-05 04:45:00",67,12.02,"2025-11-05 04:41:00",4.842,10.4,301.7,418.3,0.033,10.99,1.648,50.95
"2025-11-05 05:00:00",68,12.02,"2025-11-05 04:51:00",4.79,10.37,301.5,418.4,0.021,10.99,1.647,50.91
"2025-11-05 05:15:00",69,12.02,"2025-11-05 05:00:40",4.775,10.35,301.4,418.5,0.013,11,1.645,50.86
"2025-11-05 05:30:00",70,12.01,"2025-11-05 05:28:50",4.813,10.32,301.2,418.6,-0.019,11,1.642,50.82
"2025-11-05 05:45:00",71,12.01,"2025-11-05 05:41:00",4.895,10.3,301.1,418.6,-0.043,10.98,1.64,50.78
"2025-11-05 06:00:00",72,12.01,"2025-11-05 05:58:40",5.02,10.28,301,418.7,-0.03,10.99,1.638,50.74
"2025-11-05 06:15:00",73,12.01,"2025-11-05 06:00:40",5.177,10.26,300.8,418.8,-0.029,11,1.636,50.7
"2025-11-05 06:30:00",74,12.01,"2025-11-05 06:23:00",5.383,10.24,300.7,418.8,-0.038,10.99,1.634,50.67
"2025-11-05 06:45:00",75,12.01,"2025-11-05 06:30:50",5.578,10.22,300.6,418.9,-0.053,10.98,1.632,50.64
"2025-11-05 07:00:00",76,12,"2025-11-05 06:53:00",5.758,10.2,300.6,419,0.019,11,1.631,50.61
"2025-11-05 07:15:00",77,12,"2025-11-05 07:01:00",5.937,10.19,300.5,419,-0.017,10.99,1.63,50.58
"2025-11-05 07:30:00",78,12,"2025-11-05 07:17:00",6.122,10.17,300.4,419,0.027,10.99,1.628,50.56
"2025-11-05 07:45:00",79,12,"2025-11-05 07:31:00",6.332,10.16,300.3,419.1,-0.007,10.98,1.626,50.54
"2025-11-05 08:00:00",80,12.01,"2025-11-05 07:47:00",6.544,10.15,300.2,419.1,-0.055,11,1.624,50.52
"2025-11-05 08:15:00",81,12.01,"2025-11-05 08:03:00",6.815,10.14,300.2,419.1,-0.066,11,1.622,50.5
"2025-11-05 08:30:00",82,12.02,"2025-11-05 08:16:10",7.125,10.14,300.2,419.2,-0.102,11,1.621,50.49
"2025-11-05 08:45:00",83,12.03,"2025-11-05 08:30:40",7.625,10.14,300.2,419.2,-0.033,11.02,1.619,50.49
"2025-11-05 09:00:00",84,12.04,"2025-11-05 08:46:50",8.33,10.14,300.2,419.2,-0.108,11.05,1.617,50.5
"2025-11-05 09:15:00",85,12.08,"2025-11-05 09:04:40",9.2,10.15,300.3,419.2,-0.084,11.1,1.616,50.52
"2025-11-05 09:30:00",86,12.2,"2025-11-05 09:15:10",10.27,10.17,300.4,419.1,-0.109,11.32,1.615,50.56
"2025-11-05 09:45:00",87,12.52,"2025-11-05 09:40:20",12.03,10.2,300.6,419.1,-0.125,11.82,1.613,50.61
"2025-11-05 10:00:00",88,12.6,"2025-11-05 09:45:10",13.85,10.23,300.8,419.1,-0.115,11.72,1.612,50.67
"2025-11-05 10:15:00",89,12.59,"2025-11-05 10:06:10",15.26,10.27,301.1,419,-0.115,11.75,1.61,50.74
"2025-11-05 10:30:00",90,12.52,"2025-11-05 10:28:20",16.47,10.32,301.5,418.9,-0.143,11.65,1.609,50.82
"2025-11-05 10:45:00",91,12.54,"2025-11-05 10:31:00",17.54,10.38,301.9,418.8,-0.128,11.64,1.608,50.91
"2025-11-05 11:00:00",92,12.62,"2025-11-05 10:55:00",18.42,10.42,302.2,418.8,-0.091,11.82,1.606,50.99
"2025-11-05 11:15:00",93,12.58,"2025-11-05 11:10:00",18.97,10.44,302.4,418.9,-0.082,11.68,1.605,51.05
"2025-11-05 11:30:00",94,12.74,"2025-11-05 11:15:10",19.26,10.48,302.7,418.8,-0.11,11.93,1.602,51.12
"2025-11-05 11:45:00",95,12.74,"2025-11-05 11:45:00",20.39,10.54,303.2,418.9,0.108,12.54,1.601,51.23
"2025-11-05 12:00:00",96,12.74,"2025-11-05 11:45:20",21.33,10.61,303.7,418.8,-0.172,11.9,1.602,51.36
"2025-11-05 12:15:00",97,12.69,"2025-11-05 12:10:40",21.93,10.7,304.3,418.6,-0.145,11.94,1.601,51.5
"2025-11-05 12:30:00",98,12.97,"2025-11-05 12:16:10",22.48,10.77,304.8,418.6,-0.144,12.15,1.599,51.64
"2025-11-05 12:45:00",99,12.57,"2025-11-05 12:45:00",22.78,10.85,305.5,418.6,-0.179,11.9,1.597,51.77
"2025-11-05 13:00:00",100,12.53,"2025-11-05 12:58:50",22.65,10.91,305.9,418.5,-0.091,11.61,1.595,51.89
"2025-11-05 13:15:00",101,12.49,"2025-11-05 13:02:20",22.5,10.98,306.4,418.5,-0.157,11.58,1.595,52.01
"2025-11-05 13:30:00",102,12.49,"2025-11-05 13:28:50",22.33,11.03,306.8,418.5,-0.179,11.56,1.594,52.11
"2025-11-05 13:45:00",103,12.48,"2025-11-05 13:43:00",22.42,11.09,307.3,418.5,-0.149,11.54,1.593,52.22
"2025-11-05 14:00:00",104,12.47,"2025-11-05 13:58:40",22.49,11.16,307.7,418.4,0.024,11.53,1.591,52.33
"2025-11-05 14:15:00",105,12.47,"2025-11-05 14:06:50",22.32,11.21,308.2,418.3,-0.071,11.52,1.588,52.43
"2025-11-05 14:30:00",106,12.47,"2025-11-05 14:29:00",22.22,11.27,308.5,418.2,-0.145,11.57,1.587,52.53
"2025-11-05 14:45:00",107,12.46,"2025-11-05 14:44:50",22.22,11.32,309,418.2,-0.136,11.51,1.585,52.62
"2025-11-05 15:00:00",108,12.44,"2025-11-05 14:54:50",22.13,11.37,309.3,418.2,-0.123,11.5,1.584,52.71
"2025-11-05 15:15:00",109,12.44,"2025-11-05 15:00:10",22.11,11.42,309.7,418.2,-0.139,11.59,1.583,52.79
"2025-11-05 15:30:00",110,12.47,"2025-11-05 15:28:30",22.51,11.46,310,418.1,-0.121,11.68,1.581,52.87
"2025-11-05 15:45:00",111,12.41,"2025-11-05 15:44:50",22.71,11.49,310.3,418.2,-0.183,11.49,1.578,52.92
"2025-11-05 16:00:00",112,12.38,"2025-11-05 15:59:00",22.27,11.52,310.5,418.1,-0.159,11.45,1.577,52.97
"2025-11-05 16:15:00",113,12.36,"2025-11-05 16:13:00",21.63,11.55,310.7,418.2,-0.157,11.43,1.576,53.03
"2025-11-05 16:30:00",114,12.34,"2025-11-05 16:22:40",21.13,11.57,310.9,418.2,-0.164,11.4,1.575,53.07
"2025-11-05 16:45:00",115,12.33,"2025-11-05 16:44:40",20.68,11.59,311.1,418.2,-0.119,11.37,1.573,53.1
"2025-11-05 17:00:00",116,12.32,"2025-11-05 16:57:00",20.19,11.6,311.2,418.3,-0.104,11.37,1.572,53.11
"2025-11-05 17:15:00",117,12.31,"2025-11-05 17:14:40",19.69,11.6,311.3,418.4,-0.186,11.35,1.57,53.12
"2025-11-05 17:30:00",118,12.3,"2025-11-05 17:29:00",19.18,11.6,311.3,418.4,-0.235,11.34,1.569,53.11
"2025-11-05 17:45:00",119,12.29,"2025-11-05 17:40:40",18.6,11.59,311.4,418.6,-0.229,11.32,1.567,53.1
"2025-11-05 18:00:00",120,12.28,"2025-11-05 17:46:20",17.93,11.58,311.4,418.7,-0.226,11.32,1.566,53.08
"2025-11-05 18:15:00",121,12.28,"2025-11-05 18:05:00",17.2,11.58,311.5,418.9,-0.199,11.31,1.564,53.07
"2025-11-05 18:30:00",122,12.27,"2025-11-05 18:22:40",16.49,11.57,311.5,419,-0.238,11.29,1.562,53.06
"2025-11-05 18:45:00",123,12.26,"2025-11-05 18:43:00",15.84,11.56,311.6,419.2,-0.177,11.28,1.559,53.04
"2025-11-05 19:00:00",124,12.26,"2025-11-05 18:59:00",15.21,11.56,311.6,419.3,-0.207,11.28,1.558,53.03
"2025-11-05 19:15:00",125,12.25,"2025-11-05 19:14:20",14.65,11.55,311.7,419.4,-0.265,11.28,1.557,53.03
"2025-11-05 19:30:00",126,12.25,"2025-11-05 19:28:40",14.11,11.55,311.7,419.5,-0.263,11.26,1.555,53.02
"2025-11-05 19:45:00",127,12.25,"2025-11-05 19:44:30",13.6,11.55,311.9,419.7,-0.243,11.26,1.553,53.01
"2025-11-05 20:00:00",128,12.24,"2025-11-05 19:57:00",13.14,"NAN","NAN","NAN","NAN","NAN",1.55,53.01
"2025-11-05 20:15:00",129,12.24,"2025-11-05 20:08:50",12.68,11.54,312,420,-0.279,11.24,1.549,53.01
"2025-11-05 20:30:00",130,12.23,"2025-11-05 20:27:00",12.26,11.54,312.1,420,-0.249,11.24,1.547,53
"2025-11-05 20:45:00",131,12.22,"2025-11-05 20:30:20",11.86,11.54,312.2,420.2,-0.26,11.24,1.545,53
"2025-11-05 21:00:00",132,12.22,"2025-11-05 20:57:00",11.49,11.53,312.2,420.3,-0.219,11.24,1.544,52.99
"2025-11-05 21:15:00",133,12.21,"2025-11-05 21:15:00",11.14,11.53,312.3,420.4,-0.296,11.22,1.541,52.99
"2025-11-05 21:30:00",134,12.21,"2025-11-05 21:25:00",10.78,11.53,312.4,420.6,-0.357,11.22,1.539,52.98
"2025-11-05 21:45:00",135,12.2,"2025-11-05 21:41:00",10.46,11.52,312.4,420.8,-0.341,11.21,1.538,52.96
"2025-11-05 22:00:00",136,12.2,"2025-11-05 21:57:00",10.15,11.51,312.4,420.9,-0.361,11.21,1.536,52.95
"2025-11-05 22:15:00",137,12.2,"2025-11-05 22:05:00",9.85,11.5,312.4,421,-0.371,11.2,1.534,52.93
"2025-11-05 22:30:00",138,12.2,"2025-11-05 22:28:30",9.56,11.48,312.5,421.3,-0.301,11.21,1.533,52.9
"2025-11-05 22:45:00",139,12.19,"2025-11-05 22:43:00",9.29,11.47,312.5,421.4,-0.276,11.19,1.531,52.87
"2025-11-05 23:00:00",140,12.19,"2025-11-05 22:47:00",9.02,11.45,312.4,421.6,-0.315,11.19,1.529,52.84
"2025-11-05 23:15:00",141,12.19,"2025-11-05 23:11:00",8.77,11.43,312.4,421.7,-0.329,11.18,1.527,52.8
"2025-11-05 23:30:00",142,12.18,"2025-11-05 23:24:50",8.51,11.41,312.4,421.9,-0.375,11.19,1.525,52.76
"2025-11-05 23:45:00",143,12.18,"2025-11-05 23:30:50",8.25,11.38,312.3,422.1,-0.338,11.17,1.524,52.71
"2025-11-06 00:00:00",144,12.18,"2025-11-05 23:48:50",7.961,11.35,312.2,422.3,-0.367,11.17,1.522,52.66
"2025-11-06 00:15:00",145,12.17,"2025-11-06 00:00:10",7.71,11.33,312.1,422.5,-0.39,11.17,1.52,52.61
"2025-11-06 00:30:00",146,12.17,"2025-11-06 00:17:00",7.485,11.3,312,422.7,-0.377,11.17,1.518,52.56
"2025-11-06 00:45:00",147,12.17,"2025-11-06 00:30:20",7.274,11.27,312,422.9,-0.401,11.16,1.517,52.51
"2025-11-06 01:00:00",148,12.16,"2025-11-06 00:47:00",7.081,11.24,311.9,423,-0.343,11.16,1.515,52.46
"2025-11-06 01:15:00",149,12.16,"2025-11-06 01:03:00",6.882,11.21,311.8,423.2,-0.381,11.16,1.513,52.41
"2025-11-06 01:30:00",150,12.15,"2025-11-06 01:27:00",6.655,11.19,311.7,423.4,-0.383,11.15,1.512,52.36
"2025-11-06 01:45:00",151,12.15,"2025-11-06 01:37:00",6.443,11.16,311.6,423.6,-0.368,11.14,1.511,52.31
"2025-11-06 02:00:00",152,12.15,"2025-11-06 01:50:50",6.226,11.13,311.5,423.8,-0.403,11.14,1.509,52.26
"2025-11-06 02:15:00",153,12.14,"2025-11-06 02:07:00",6.017,11.1,311.4,423.9,-0.467,11.15,1.507,52.22
"2025-11-06 02:30:00",154,12.14,"2025-11-06 02:18:10",5.82,11.08,311.3,424.1,-0.437,11.14,1.506,52.17
"2025-11-06 02:45:00",155,12.14,"2025-11-06 02:38:50",5.603,11.05,311.2,424.3,-0.455,11.12,1.505,52.11
"2025-11-06 03:00:00",156,12.14,"2025-11-06 02:46:50",5.363,11.02,311,424.4,-0.437,11.14,1.503,52.06
"2025-11-06 03:15:00",157,12.13,"2025-11-06 03:05:00",5.151,10.99,310.9,424.6,-0.435,11.12,1.502,52
"2025-11-06 03:30:00",158,12.13,"2025-11-06 03:23:00",4.916,10.96,310.8,424.8,-0.423,11.12,1.501,51.95
"2025-11-06 03:45:00",159,12.12,"2025-11-06 03:40:40",4.699,10.92,310.7,425,-0.421,11.1,1.499,51.89
"2025-11-06 04:00:00",160,12.13,"2025-11-06 03:46:30",4.482,10.89,310.5,425.1,-0.454,11.12,1.498,51.83
"2025-11-06 04:15:00",161,12.09,"2025-11-06 04:08:10",4.253,10.85,310.4,425.3,-0.403,11.11,1.496,51.77
"2025-11-06 04:30:00",162,12.12,"2025-11-06 04:21:00",4.01,10.82,310.2,425.5,-0.408,11.1,1.494,51.7
"2025-11-06 04:45:00",163,12.12,"2025-11-06 04:30:30",3.792,10.78,310,425.6,-0.456,11.09,1.493,51.64
"2025-11-06 05:00:00",164,12.11,"2025-11-06 04:49:00",3.576,10.75,309.9,425.8,-0.459,11.1,1.492,51.57
"2025-11-06 05:15:00",165,12.1,"2025-11-06 05:01:00",3.36,10.71,309.7,426,-0.455,11.1,1.491,51.51
"2025-11-06 05:30:00",166,12.1,"2025-11-06 05:28:40",3.154,10.67,309.5,426.1,-0.446,11.09,1.489,51.44
"2025-11-06 05:45:00",167,12.1,"2025-11-06 05:39:00",2.965,10.63,309.3,426.3,-0.499,11.09,1.487,51.37
"2025-11-06 06:00:00",168,12.09,"2025-11-06 05:58:20",2.775,10.6,309.1,426.4,-0.467,11.1,1.486,51.3
"2025-11-06 06:15:00",169,12.09,"2025-11-06 06:14:40",2.608,10.55,308.9,426.6,-0.465,11.09,1.484,51.23
"2025-11-06 06:30:00",170,12.08,"2025-11-06 06:24:50",2.432,10.51,308.7,426.7,-0.463,11.07,1.482,51.16
"2025-11-06 06:45:00",171,12.09,"2025-11-06 06:30:50",2.292,10.48,308.4,426.9,-0.452,11.08,1.481,51.09
"2025-11-06 07:00:00",172,12.08,"2025-11-06 06:51:00",2.132,10.43,308.2,427,-0.48,11.07,1.48,51.01
"2025-11-06 07:15:00",173,12.08,"2025-11-06 07:04:50",1.963,10.39,307.9,427.1,-0.465,11.06,1.479,50.94
"2025-11-06 07:30:00",174,12.08,"2025-11-06 07:28:30",1.805,10.35,307.7,427.3,-0.42,11.06,1.477,50.87
"2025-11-06 07:45:00",175,12.08,"2025-11-06 07:31:00",1.679,10.31,307.5,427.4,-0.484,11.06,1.476,50.8
"2025-11-06 08:00:00",176,12.08,"2025-11-06 07:46:40",1.574,10.28,307.2,427.4,-0.484,11.07,1.474,50.73
"2025-11-06 08:15:00",177,12.08,"2025-11-06 08:07:00",1.529,10.24,307,427.5,-0.463,11.07,1.473,50.67
"2025-11-06 08:30:00",178,12.09,"2025-11-06 08:17:00",1.638,10.21,306.8,427.6,-0.499,11.1,1.472,50.61
"2025-11-06 08:45:00",179,12.1,"2025-11-06 08:32:50",1.922,"NAN","NAN","NAN","NAN","NAN",1.471,50.57
"2025-11-06 09:00:00",180,12.13,"2025-11-06 08:48:50",2.412,10.16,306.4,427.6,-0.511,11.12,1.468,50.54
"2025-11-06 09:15:00",181,12.17,"2025-11-06 09:01:00",3.147,10.15,306.4,427.7,-0.513,11.16,1.467,50.52
"2025-11-06 09:30:00",182,12.44,"2025-11-06 09:15:10",4.234,10.15,306.4,427.6,-0.501,11.73,1.466,50.53
"2025-11-06 09:45:00",183,12.76,"2025-11-06 09:40:50",6.095,10.17,306.5,427.6,-0.539,13,1.465,50.56
"2025-11-06 10:00:00",184,12.9,"2025-11-06 09:50:50",7.821,10.19,306.6,427.6,-0.533,12.17,1.464,50.6
"2025-11-06 10:15:00",185,12.9,"2025-11-06 10:08:30",9.23,10.22,306.9,427.5,-0.533,12.44,1.463,50.66
"2025-11-06 10:30:00",186,12.69,"2025-11-06 10:29:00",10.77,10.28,307.1,427.3,-0.549,11.98,1.462,50.73
"2025-11-06 10:45:00",187,12.7,"2025-11-06 10:30:40",12.27,10.34,307.5,427.1,-0.561,12.25,1.461,50.81
"2025-11-06 11:00:00",188,12.93,"2025-11-06 10:47:00",13.94,10.36,307.7,427.1,-0.557,12.47,1.46,50.87
"2025-11-06 11:15:00",189,12.9,"2025-11-06 11:10:10",15.68,10.39,308,427.2,-0.533,12.69,1.46,50.94
"2025-11-06 11:30:00",190,13.17,"2025-11-06 11:22:50",16.82,10.44,308.3,427.1,-0.592,12.55,1.458,51.03
"2025-11-06 11:45:00",191,13.13,"2025-11-06 11:45:00",17.86,10.49,308.7,427.1,-0.576,13.26,1.457,51.13
"2025-11-06 12:00:00",192,12.94,"2025-11-06 11:52:40",18.64,10.54,309.1,427,-0.552,12.26,1.458,51.23
"2025-11-06 12:15:00",193,12.97,"2025-11-06 12:11:00",19.27,10.59,309.5,427,-0.609,12.44,1.457,51.32
"2025-11-06 12:30:00",194,13.36,"2025-11-06 12:29:50",19.89,10.66,310,426.8,-0.637,13.09,1.457,51.45
"2025-11-06 12:45:00",195,12.71,"2025-11-06 12:45:00",20.1,10.72,310.4,426.8,-0.67,12.18,1.455,51.53
"2025-11-06 13:00:00",196,12.66,"2025-11-06 12:58:50",19.79,10.77,310.7,426.8,-0.631,11.74,1.453,51.63
"2025-11-06 13:15:00",197,12.63,"2025-11-06 13:14:50",19.48,10.81,311,426.6,-0.655,11.7,1.451,51.7
"2025-11-06 13:30:00",198,12.6,"2025-11-06 13:29:00",19.12,10.84,311.2,426.6,-0.663,11.67,1.451,51.77
"2025-11-06 13:45:00",199,12.6,"2025-11-06 13:39:00",19.06,10.88,311.5,426.5,-0.705,11.65,1.448,51.83
"2025-11-06 14:00:00",200,12.59,"2025-11-06 13:54:50",18.97,10.92,311.8,426.5,-0.69,11.63,1.448,51.9
"2025-11-06 14:15:00",201,12.58,"2025-11-06 14:09:00",18.7,10.96,312.1,426.4,-0.677,11.63,1.447,51.98
"2025-11-06 14:30:00",202,12.59,"2025-11-06 14:28:40",18.56,11,312.3,426.3,-0.681,11.69,1.446,52.04
"2025-11-06 14:45:00",203,12.58,"2025-11-06 14:40:50",18.61,11.03,312.6,426.3,-0.691,11.61,1.445,52.11
"2025-11-06 15:00:00",204,12.56,"2025-11-06 14:52:50",18.6,11.06,312.8,426.2,-0.677,11.6,1.443,52.16
"2025-11-06 15:15:00",205,12.56,"2025-11-06 15:00:30",18.62,11.09,312.9,426.1,-0.662,11.76,1.44,52.21
"2025-11-06 15:30:00",206,12.61,"2025-11-06 15:28:30",19.24,11.11,313.1,426.1,-0.707,11.94,1.44,52.25
"2025-11-06 15:45:00",207,12.55,"2025-11-06 15:44:40",19.53,11.12,313.2,426.1,-0.707,11.64,1.439,52.26
"2025-11-06 16:00:00",208,12.52,"2025-11-06 15:53:00",19.17,11.13,313.3,426.1,-0.688,11.58,1.439,52.28
"2025-11-06 16:15:00",209,12.49,"2025-11-06 16:15:00",18.51,11.14,313.3,426.1,-0.712,11.55,1.437,52.3
"2025-11-06 16:30:00",210,12.43,"2025-11-06 16:22:10",17.85,11.15,313.4,426.1,-0.751,11.52,1.436,52.31
"2025-11-06 16:45:00",211,12.46,"2025-11-06 16:43:00",17.14,11.15,313.4,426.2,-0.719,11.5,1.435,52.31
"2025-11-06 17:00:00",212,12.44,"2025-11-06 16:52:50",16.35,11.15,313.4,426.2,-0.711,11.48,1.435,52.3
"2025-11-06 17:15:00",213,12.43,"2025-11-06 17:08:50",15.5,"NAN","NAN","NAN","NAN","NAN",1.434,52.28
"2025-11-06 17:30:00",214,12.42,"2025-11-06 17:24:50",14.67,11.11,313.2,426.3,-0.727,11.45,1.433,52.23
"2025-11-06 17:45:00",215,12.41,"2025-11-06 17:45:00",13.84,11.08,313.1,426.5,-0.707,11.43,1.431,52.18
"2025-11-06 18:00:00",216,12.41,"2025-11-06 17:47:00",13.03,11.05,312.9,426.5,-0.728,11.44,1.431,52.13
"2025-11-06 18:15:00",217,12.4,"2025-11-06 18:15:00",12.25,11.02,312.7,426.7,-0.717,11.42,1.43,52.06
"2025-11-06 18:30:00",218,12.4,"2025-11-06 18:24:50",11.54,10.99,312.5,426.7,-0.753,11.41,1.429,52.01
"2025-11-06 18:45:00",219,12.39,"2025-11-06 18:43:00",10.88,10.96,312.3,426.8,-0.737,11.4,1.427,51.95
"2025-11-06 19:00:00",220,12.39,"2025-11-06 18:56:40",10.27,10.93,312.1,426.9,-0.735,11.39,1.427,51.9
"2025-11-06 19:15:00",221,12.38,"2025-11-06 19:14:40",9.71,10.9,312,426.9,-0.778,11.39,1.425,51.86
"2025-11-06 19:30:00",222,12.37,"2025-11-06 19:29:00",9.18,10.88,311.8,427,-0.741,11.38,1.424,51.82
"2025-11-06 19:45:00",223,12.37,"2025-11-06 19:31:00",8.72,10.86,311.7,427.1,-0.733,11.37,1.423,51.78
"2025-11-06 20:00:00",224,12.36,"2025-11-06 19:54:50",8.28,10.84,311.6,427.1,-0.781,11.36,1.422,51.75
"2025-11-06 20:15:00",225,12.36,"2025-11-06 20:08:20",7.867,10.82,311.5,427.1,-0.757,11.35,1.422,51.72
"2025-11-06 20:30:00",226,12.35,"2025-11-06 20:19:00",7.493,10.81,311.4,427.1,-0.795,11.36,1.422,51.69
"2025-11-06 20:45:00",227,12.35,"2025-11-06 20:31:00",7.154,10.8,311.3,427.2,-0.786,11.34,1.42,51.67
"2025-11-06 21:00:00",228,12.35,"2025-11-06 20:46:50",6.816,10.78,311.2,427.2,-0.786,11.34,1.419,51.64
"2025-11-06 21:15:00",229,12.34,"2025-11-06 21:13:00",6.485,10.77,311,427.2,-0.78,11.32,1.418,51.62
"2025-11-06 21:30:00",230,12.34,"2025-11-06 21:17:00",6.21,10.75,311,427.2,-0.8,11.33,1.418,51.59
"2025-11-06 21:45:00",231,12.33,"2025-11-06 21:31:00",6.017,10.74,310.9,427.4,-0.817,11.3,1.417,51.56
"2025-11-06 22:00:00",232,12.33,"2025-11-06 21:53:00",5.805,10.72,310.8,427.3,-0.821,11.32,1.416,51.54
"2025-11-06 22:15:00",233,12.32,"2025-11-06 22:11:00",5.585,10.7,310.7,427.3,-0.821,11.3,1.415,51.5
"2025-11-06 22:30:00",234,12.31,"2025-11-06 22:28:40",5.342,10.68,310.5,427.4,-0.806,11.32,1.414,51.46
"2025-11-06 22:45:00",235,12.31,"2025-11-06 22:35:00",5.121,10.66,310.4,427.4,-0.835,11.3,1.413,51.42
"2025-11-06 23:00:00",236,12.31,"2025-11-06 22:49:00",4.918,10.64,310.2,427.5,-0.852,11.3,1.413,51.38
"2025-11-06 23:15:00",237,12.3,"2025-11-06 23:12:20",4.751,10.61,310.1,427.6,-0.837,11.3,1.411,51.34
"2025-11-06 23:30:00",238,12.3,"2025-11-06 23:29:00",4.604,10.59,310,427.7,-0.821,11.29,1.411,51.3
"2025-11-06 23:45:00",239,12.3,"2025-11-06 23:39:00",4.476,10.56,309.8,427.8,-0.858,11.29,1.409,51.25
"2025-11-07 00:00:00",240,12.29,"2025-11-06 23:47:00",4.361,10.54,309.7,427.9,-0.835,11.28,1.409,51.21
"2025-11-07 00:15:00",241,12.28,"2025-11-07 00:01:00",4.271,10.51,309.6,428,-0.839,11.29,1.408,51.16
"2025-11-07 00:30:00",242,12.29,"2025-11-07 00:19:00",4.195,10.49,309.4,428.1,-0.807,11.27,1.408,51.11
"2025-11-07 00:45:00",243,12.29,"2025-11-07 00:31:00",4.12,10.46,309.3,428.2,-0.84,11.27,1.407,51.07
"2025-11-07 01:00:00",244,12.29,"2025-11-07 00:46:50",4.081,10.44,309.2,428.3,-0.876,11.27,1.406,51.02
"2025-11-07 01:15:00",245,12.28,"2025-11-07 01:02:40",4.059,10.41,309.1,428.4,-0.88,11.27,1.405,50.98
"2025-11-07 01:30:00",246,12.27,"2025-11-07 01:29:00",4.042,10.39,309,428.6,-0.865,11.26,1.405,50.94
"2025-11-07 01:45:00",247,12.28,"2025-11-07 01:31:00",4.029,10.37,308.9,428.7,-0.877,11.26,1.404,50.9
"2025-11-07 02:00:00",248,12.27,"2025-11-07 01:51:00",4.054,10.35,308.8,428.8,-0.876,11.27,1.403,50.87
"2025-11-07 02:15:00",249,12.27,"2025-11-07 02:03:00",4.265,10.33,308.8,429,-0.871,11.25,1.403,50.84
"2025-11-07 02:30:00",250,12.26,"2025-11-07 02:18:50",4.486,10.32,308.9,429.2,-0.842,11.26,1.402,50.82
"2025-11-07 02:45:00",251,12.26,"2025-11-07 02:33:00",4.677,10.32,309,429.4,-0.855,11.24,1.401,50.81
"2025-11-07 03:00:00",252,12.26,"2025-11-07 02:46:20",4.869,10.31,309,429.5,-0.882,11.26,1.4,50.79
"2025-11-07 03:15:00",253,12.26,"2025-11-07 03:07:00",4.925,10.29,309,429.7,-0.87,11.24,1.4,50.77
"2025-11-07 03:30:00",254,12.26,"2025-11-07 03:17:00",4.905,10.28,309,429.8,-0.87,11.26,1.399,50.74
"2025-11-07 03:45:00",255,12.26,"2025-11-07 03:30:20",4.852,10.26,308.9,430,-0.86,11.24,1.398,50.72
"2025-11-07 04:00:00",256,12.25,"2025-11-07 03:57:00",4.832,10.25,309,430.2,-0.871,11.24,1.398,50.69
"2025-11-07 04:15:00",257,12.25,"2025-11-07 04:11:00",4.863,"NAN","NAN","NAN","NAN","NAN",1.397,50.67
"2025-11-07 04:30:00",258,12.25,"2025-11-07 04:21:00",4.922,10.23,309.1,430.5,-0.889,11.24,1.396,50.66
"2025-11-07 04:45:00",259,12.25,"2025-11-07 04:30:40",4.986,10.22,309.1,430.7,-0.878,11.23,1.396,50.64
"2025-11-07 05:00:00",260,12.25,"2025-11-07 04:46:30",4.996,10.21,309.1,430.8,-0.899,11.23,1.396,50.61
"2025-11-07 05:15:00",261,12.24,"2025-11-07 05:05:00",4.956,10.19,309.1,431,-0.918,11.24,1.395,50.58
"2025-11-07 05:30:00",262,12.24,"2025-11-07 05:28:30",4.923,10.17,309.1,431.2,-0.91,11.22,1.395,50.55
"2025-11-07 05:45:00",263,12.24,"2025-11-07 05:33:00",4.957,10.16,309.1,431.5,-0.907,11.23,1.393,50.52
"2025-11-07 06:00:00",264,12.24,"2025-11-07 05:46:50",5.231,10.15,309.2,431.6,-0.897,11.22,1.392,50.51
"2025-11-07 06:15:00",265,12.23,"2025-11-07 06:13:00",5.688,10.15,309.3,431.8,-0.885,11.23,1.392,50.51
"2025-11-07 06:30:00",266,12.23,"2025-11-07 06:17:00",6.19,10.15,309.4,431.9,-0.407,11.22,1.391,50.51
"2025-11-07 06:45:00",267,12.23,"2025-11-07 06:33:00",6.758,10.15,309.5,432.1,-0.712,11.22,1.391,50.51
"2025-11-07 07:00:00",268,12.23,"2025-11-07 06:52:40",7.395,10.15,309.7,432.3,-0.8,11.23,1.391,50.51
"2025-11-07 07:15:00",269,12.23,"2025-11-07 07:14:50",8.03,10.15,309.8,432.5,-0.715,11.22,1.39,50.51
"2025-11-07 07:30:00",270,12.23,"2025-11-07 07:23:00",8.58,10.15,309.9,432.6,-0.755,11.23,1.389,50.51
"2025-11-07 07:45:00",271,12.23,"2025-11-07 07:30:50",9.07,10.15,310,432.8,-0.819,11.22,1.389,50.51
"2025-11-07 08:00:00",272,12.25,"2025-11-07 07:47:00",9.68,10.15,310.1,432.8,-0.771,11.26,1.388,50.52
"2025-11-07 08:15:00",273,12.26,"2025-11-07 08:05:00",10.5,10.16,310.2,432.9,-0.791,11.26,1.387,50.54
"2025-11-07 08:30:00",274,12.26,"2025-11-07 08:28:20",11.51,10.18,310.4,433,-0.797,11.28,1.387,50.57
"2025-11-07 08:45:00",275,12.26,"2025-11-07 08:44:50",12.65,10.2,310.6,433.1,-0.837,11.28,1.386,50.6
"2025-11-07 09:00:00",276,12.25,"2025-11-07 08:54:50",13.53,10.22,310.8,433.1,-0.898,11.26,1.386,50.64
"2025-11-07 09:15:00",277,12.24,"2025-11-07 09:14:40",14.07,10.24,311,433.1,-0.886,11.25,1.386,50.68
"2025-11-07 09:30:00",278,12.24,"2025-11-07 09:16:40",14.02,10.26,311.1,433,-0.882,11.25,1.386,50.71
"2025-11-07 09:45:00",279,12.23,"2025-11-07 09:34:40",13.84,10.27,311,432.7,-0.909,11.25,1.388,50.74
"2025-11-07 10:00:00",280,12.23,"2025-11-07 09:46:50",13.62,10.29,310.9,432.5,-0.879,11.24,1.389,50.76
"2025-11-07 10:15:00",281,12.23,"2025-11-07 10:02:20",13.48,10.3,311.1,432.6,-0.927,11.26,1.388,50.79
"2025-11-07 10:30:00",282,12.25,"2025-11-07 10:16:20",13.44,10.32,311.4,432.8,-0.916,11.25,1.388,50.82
"2025-11-07 10:45:00",283,12.27,"2025-11-07 10:30:40",13.59,10.34,311.7,433,-0.934,11.28,1.387,50.85
"2025-11-07 11:00:00",284,12.27,"2025-11-07 10:58:40",13.87,10.36,311.9,433,-0.954,11.29,1.387,50.9
"2025-11-07 11:15:00",285,12.26,"2025-11-07 11:07:00",14.09,10.39,312.2,433,-0.946,11.28,1.386,50.95
"2025-11-07 11:30:00",286,12.24,"2025-11-07 11:28:30",14.22,10.42,312.4,433,-0.941,11.26,1.386,51.01
"2025-11-07 11:45:00",287,12.24,"2025-11-07 11:41:00",14.29,10.44,312.7,433.1,-0.933,11.25,1.385,51.04
"2025-11-07 12:00:00",288,12.24,"2025-11-07 11:47:00",14.34,"NAN","NAN","NAN","NAN","NAN",1.384,51.08
"2025-11-07 12:15:00",289,12.25,"2025-11-07 12:00:10",14.45,10.48,313.1,433.2,-0.955,11.25,1.383,51.12
"2025-11-07 12:30:00",290,12.25,"2025-11-07 12:16:40",14.62,10.51,313.3,433.3,-0.951,11.28,1.383,51.16
"2025-11-07 12:45:00",291,12.27,"2025-11-07 12:30:20",14.89,10.54,313.7,433.4,-0.949,11.28,1.383,51.21
"2025-11-07 13:00:00",292,12.27,"2025-11-07 12:56:40",15.29,10.57,313.9,433.4,-0.956,11.31,1.382,51.27
"2025-11-07 13:15:00",293,12.27,"2025-11-07 13:02:20",15.63,10.6,314.3,433.4,-0.953,11.3,1.382,51.33
"2025-11-07 13:30:00",294,12.27,"2025-11-07 13:24:40",15.95,10.64,314.6,433.5,-0.973,11.31,1.381,51.4
"2025-11-07 13:45:00",295,12.26,"2025-11-07 13:37:00",16.21,10.67,314.9,433.5,-0.979,11.28,1.38,51.45
"2025-11-07 14:00:00",296,12.27,"2025-11-07 13:56:40",16.47,10.7,315.2,433.6,-1.029,11.3,1.38,51.5
"2025-11-07 14:15:00",297,12.27,"2025-11-07 14:12:40",16.7,10.73,315.5,433.7,-0.939,11.3,1.379,51.56
"2025-11-07 14:30:00",298,12.26,"2025-11-07 14:17:00",16.85,10.76,315.8,433.7,-1.01,11.29,1.38,51.62
"2025-11-07 14:45:00",299,12.28,"2025-11-07 14:30:10",17.13,10.8,316.1,433.8,-1.015,11.33,1.379,51.68
"2025-11-07 15:00:00",300,12.39,"2025-11-07 14:54:40",17.79,10.84,316.5,433.8,-0.989,11.41,1.379,51.76
"2025-11-07 15:15:00",301,12.39,"2025-11-07 15:10:40",18.45,10.89,316.9,433.8,-1.008,11.45,1.379,51.85
"2025-11-07 15:30:00",302,12.47,"2025-11-07 15:22:40",18.94,10.94,317.3,433.7,-1.037,11.55,1.379,51.94
"2025-11-07 15:45:00",303,12.42,"2025-11-07 15:40:20",19.36,10.99,317.7,433.7,-1.047,11.5,1.379,52.03
"2025-11-07 16:00:00",304,12.38,"2025-11-07 15:55:00",19.4,11.03,318.1,433.8,-1.049,11.43,1.378,52.09
"2025-11-07 16:15:00",305,12.36,"2025-11-07 16:11:00",19.25,11.05,318.3,433.9,-1.029,11.42,1.378,52.12
"2025-11-07 16:30:00",306,12.33,"2025-11-07 16:23:00",18.94,11.06,318.4,434,-1.034,11.37,1.378,52.14
"2025-11-07 16:45:00",307,12.31,"2025-11-07 16:44:40",18.54,11.06,318.6,434.1,-1.063,11.34,1.378,52.15
"2025-11-07 17:00:00",308,12.29,"2025-11-07 16:58:50",18.15,"NAN","NAN","NAN","NAN","NAN",1.378,52.18
"2025-11-07 17:15:00",309,12.26,"2025-11-07 17:14:50",17.78,11.09,319,434.3,-1.029,11.3,1.377,52.2
"2025-11-07 17:30:00",310,12.25,"2025-11-07 17:29:50",17.41,11.1,319,434.3,-1.053,11.29,1.377,52.23
"2025-11-07 17:45:00",311,12.25,"2025-11-07 17:43:00",16.92,11.13,319,433.9,-1.031,11.26,1.381,52.27
"2025-11-07 18:00:00",312,12.24,"2025-11-07 17:46:50",16.49,11.15,318.8,433.5,-1.006,11.27,1.387,52.31
"2025-11-07 18:15:00",313,12.23,"2025-11-07 18:07:00",16.09,11.16,318.8,433.4,-0.988,11.25,1.387,52.32
"2025-11-07 18:30:00",314,12.23,"2025-11-07 18:16:50",15.61,11.16,318.9,433.5,-0.973,11.26,1.388,52.32
"2025-11-07 18:45:00",315,12.23,"2025-11-07 18:41:00",15.11,11.16,319.1,433.8,-0.969,11.24,1.389,52.32
"2025-11-07 19:00:00",316,12.22,"2025-11-07 18:47:00",14.64,11.15,319.2,434,-0.995,11.24,1.388,52.31
"2025-11-07 19:15:00",317,12.22,"2025-11-07 19:02:20",14.24,11.15,319.3,434.1,-0.974,11.24,1.388,52.31
"2025-11-07 19:30:00",318,12.22,"2025-11-07 19:16:50",13.89,11.15,319.4,434.2,-1.003,11.23,1.388,52.31
"2025-11-07 19:45:00",319,12.21,"2025-11-07 19:38:50",13.58,11.15,319.6,434.5,-1.012,11.23,1.387,52.3
"2025-11-07 20:00:00",320,12.21,"2025-11-07 19:46:30",13.23,11.14,319.7,434.7,-1.029,11.22,1.386,52.29
"2025-11-07 20:15:00",321,12.21,"2025-11-07 20:00:10",12.99,11.13,319.7,434.9,-1.001,11.23,1.385,52.28
"2025-11-07 20:30:00",322,12.2,"2025-11-07 20:26:40",12.8,11.13,319.8,435,-1.04,11.21,1.385,52.28
"2025-11-07 20:45:00",323,12.2,"2025-11-07 20:33:00",12.65,11.14,320,435.2,-1.061,11.21,1.385,52.28
"2025-11-07 21:00:00",324,12.2,"2025-11-07 20:46:50",12.46,11.14,320.1,435.3,-1.047,11.2,1.383,52.29
"2025-11-07 21:15:00",325,12.19,"2025-11-07 21:02:20",12.27,11.14,320.1,435.4,-1.051,11.21,1.383,52.29
"2025-11-07 21:30:00",326,12.19,"2025-11-07 21:28:40",12.07,11.15,320.2,435.4,-1.056,11.19,1.383,52.3
"2025-11-07 21:45:00",327,12.19,"2025-11-07 21:31:00",11.87,11.15,320.3,435.5,-1.071,11.19,1.382,52.31
"2025-11-07 22:00:00",328,12.19,"2025-11-07 21:46:40",11.68,11.16,320.3,435.4,-1.022,11.2,1.381,52.32
"2025-11-07 22:15:00",329,12.19,"2025-11-07 22:14:40",11.47,11.16,320.3,435.4,-1.051,11.19,1.38,52.33
"2025-11-07 22:30:00",330,12.18,"2025-11-07 22:28:30",11.23,11.17,320.3,435.3,-1.031,11.19,1.38,52.34
"2025-11-07 22:45:00",331,12.18,"2025-11-07 22:38:50",10.99,11.17,320.4,435.4,-1.06,11.17,1.378,52.35
"2025-11-07 23:00:00",332,12.18,"2025-11-07 22:52:30",10.74,11.18,320.4,435.4,-1.023,11.19,1.377,52.36
"2025-11-07 23:15:00",333,12.17,"2025-11-07 23:02:20",10.53,11.19,320.5,435.4,-1.056,11.17,1.376,52.37
"2025-11-07 23:30:00",334,12.17,"2025-11-07 23:18:20",10.35,11.19,320.6,435.5,-1.045,11.18,1.375,52.38
"2025-11-07 23:45:00",335,12.17,"2025-11-07 23:36:50",10.16,11.2,320.7,435.5,-1.098,11.17,1.374,52.39
"2025-11-08 00:00:00",336,12.17,"2025-11-07 23:46:30",9.93,11.19,320.7,435.5,-1.086,11.17,1.373,52.39
"2025-11-08 00:15:00",337,12.16,"2025-11-08 00:13:00",9.73,11.2,320.8,435.6,-1.051,11.17,1.372,52.39
"2025-11-08 00:30:00",338,12.16,"2025-11-08 00:28:30",9.51,11.2,320.7,435.6,-1.053,11.16,1.371,52.39
"2025-11-08 00:45:00",339,12.16,"2025-11-08 00:35:00",9.3,11.19,320.8,435.6,-1.111,11.16,1.37,52.38
"2025-11-08 01:00:00",340,12.16,"2025-11-08 00:58:30",9.13,11.19,320.7,435.6,-1.091,11.15,1.369,52.37
"2025-11-08 01:15:00",341,12.15,"2025-11-08 01:10:20",8.99,11.18,320.7,435.7,-1.035,11.16,1.369,52.36
"2025-11-08 01:30:00",342,12.15,"2025-11-08 01:28:20",8.81,11.18,320.7,435.7,-1.069,11.14,1.367,52.35
"2025-11-08 01:45:00",343,12.15,"2025-11-08 01:31:00",8.6,"NAN","NAN","NAN","NAN","NAN",1.367,52.33
"2025-11-08 02:00:00",344,12.14,"2025-11-08 01:51:00",8.36,11.15,320.5,435.8,-1.079,11.14,1.365,52.31
"2025-11-08 02:15:00",345,12.14,"2025-11-08 02:09:00",8.12,11.14,320.5,435.9,-1.078,11.14,1.365,52.29
"2025-11-08 02:30:00",346,12.13,"2025-11-08 02:17:00",7.932,11.13,320.4,435.9,-1.025,11.13,1.364,52.27
"2025-11-08 02:45:00",347,12.14,"2025-11-08 02:30:20",7.789,11.12,320.4,436,-1.115,11.12,1.364,52.25
"2025-11-08 03:00:00",348,12.13,"2025-11-08 02:49:00",7.651,11.11,320.4,436.1,-1.077,11.13,1.363,52.23
"2025-11-08 03:15:00",349,12.13,"2025-11-08 03:01:00",7.509,11.1,320.4,436.2,-1.077,11.12,1.363,52.21
"2025-11-08 03:30:00",350,12.13,"2025-11-08 03:28:30",7.398,11.09,320.3,436.2,-1.087,11.13,1.362,52.19
"2025-11-08 03:45:00",351,12.13,"2025-11-08 03:43:00",7.267,11.07,320.3,436.4,-1.09,11.1,1.361,52.17
"2025-11-08 04:00:00",352,12.13,"2025-11-08 03:47:00",7.125,11.06,320.2,436.4,-1.078,11.12,1.361,52.14
"2025-11-08 04:15:00",353,12.13,"2025-11-08 04:00:30",6.947,11.04,320.1,436.4,-1.089,11.11,1.36,52.11
"2025-11-08 04:30:00",354,12.12,"2025-11-08 04:24:50",6.789,11.03,320,436.5,-1.115,11.12,1.359,52.09
"2025-11-08 04:45:00",355,12.12,"2025-11-08 04:44:30",6.649,11.01,320,436.7,-1.063,11.1,1.359,52.06
"2025-11-08 05:00:00",356,12.12,"2025-11-08 04:53:00",6.523,11,319.9,436.7,-1.047,11.11,1.359,52.03
"2025-11-08 05:15:00",357,12.11,"2025-11-08 05:02:20",6.443,10.98,319.9,436.9,7.683,11.11,1.358,52
"2025-11-08 05:30:00",358,12.11,"2025-11-08 05:28:20",6.344,10.96,319.8,436.9,-0.595,11.1,1.358,51.97
"2025-11-08 05:45:00",359,12.11,"2025-11-08 05:39:00",6.242,10.94,319.8,437.2,-1.085,11.1,1.357,51.93
"2025-11-08 06:00:00",360,12.1,"2025-11-08 05:54:50",6.124,10.92,319.7,437.2,-1.037,11.09,1.357,51.89
"2025-11-08 06:15:00",361,12.1,"2025-11-08 06:03:00",6.012,10.9,319.6,437.4,-1.057,11.1,1.355,51.86
"2025-11-08 06:30:00",362,12.1,"2025-11-08 06:16:50",5.861,10.88,319.5,437.5,-1.047,11.09,1.356,51.82
"2025-11-08 06:45:00",363,12.1,"2025-11-08 06:30:30",5.708,10.86,319.4,437.6,-1.007,11.09,1.355,51.78
"2025-11-08 07:00:00",364,12.1,"2025-11-08 06:47:00",5.579,10.84,319.3,437.8,-0.969,11.08,1.354,51.74
"2025-11-08 07:15:00",365,12.09,"2025-11-08 07:03:00",5.423,10.81,319.3,437.9,-1.025,11.1,1.355,51.7
"2025-11-08 07:30:00",366,12.09,"2025-11-08 07:28:50",5.274,10.79,319.1,438.1,-0.992,11.08,1.354,51.65
"2025-11-08 07:45:00",367,12.09,"2025-11-08 07:40:40",5.2,10.76,319.1,438.2,-1.046,11.08,1.354,51.61
"2025-11-08 08:00:00",368,12.1,"2025-11-08 07:49:00",5.166,10.74,319,438.3,-1.021,11.1,1.353,51.57
"2025-11-08 08:15:00",369,12.12,"2025-11-08 08:01:00",5.191,10.72,318.9,438.5,-1.085,11.1,1.352,51.53
"2025-11-08 08:30:00",370,12.15,"2025-11-08 08:16:20",5.306,10.71,318.8,438.5,-1.135,11.14,1.353,51.51
"2025-11-08 08:45:00",371,12.17,"2025-11-08 08:30:40",5.558,10.7,318.8,438.6,-1.073,11.15,1.351,51.49
"2025-11-08 09:00:00",372,12.19,"2025-11-08 08:47:00",5.859,10.69,318.8,438.7,-1.127,11.2,1.352,51.48
"2025-11-08 09:15:00",373,12.24,"2025-11-08 09:02:20",6.241,10.68,318.7,438.7,-1.136,11.24,1.352,51.47
"2025-11-08 09:30:00",374,12.28,"2025-11-08 09:16:10",6.798,10.68,318.8,438.7,-1.133,11.28,1.351,51.47
"2025-11-08 09:45:00",375,12.33,"2025-11-08 09:30:10",7.344,10.69,318.9,438.8,-1.135,11.35,1.351,51.49
"2025-11-08 10:00:00",376,12.4,"2025-11-08 09:46:50",7.845,10.7,319,438.8,-1.147,11.42,1.351,51.51
"2025-11-08 10:15:00",377,12.45,"2025-11-08 10:00:20",8.45,10.72,319.1,438.8,-1.143,11.54,1.35,51.53
"2025-11-08 10:30:00",378,12.69,"2025-11-08 10:27:00",9.43,10.75,319.2,438.6,-1.155,11.76,1.349,51.59
"2025-11-08 10:45:00",379,12.63,"2025-11-08 10:44:50",10.58,10.78,319.6,438.7,-1.195,11.73,1.349,51.64
"2025-11-08 11:00:00",380,12.64,"2025-11-08 10:46:20",11.59,10.82,319.8,438.6,-1.217,11.73,1.349,51.72
"2025-11-08 11:15:00",381,12.79,"2025-11-08 11:10:20",12.76,10.88,320.2,438.5,-1.223,12.04,1.349,51.82
"2025-11-08 11:30:00",382,12.88,"2025-11-08 11:18:40",14.19,10.93,320.6,438.4,-1.239,12.05,1.348,51.92
"2025-11-08 11:45:00",383,12.84,"2025-11-08 11:35:00",15.53,10.99,321.1,438.4,-1.266,12.3,1.348,52.02
"2025-11-08 12:00:00",384,13.05,"2025-11-08 11:53:50",16.35,11.06,321.6,438.3,-1.258,12.16,1.348,52.17
"2025-11-08 12:15:00",385,13.05,"2025-11-08 12:02:20",17.24,11.13,322.1,438.2,-1.183,12.22,1.348,52.27
"2025-11-08 12:30:00",386,13.04,"2025-11-08 12:16:20",18.18,11.19,322.6,438.2,-1.225,12.81,1.348,52.4
"2025-11-08 12:45:00",387,12.75,"2025-11-08 12:45:00",18.85,11.28,323.4,438.1,-1.269,12.5,1.347,52.56
"2025-11-08 13:00:00",388,12.65,"2025-11-08 12:58:40",18.89,11.37,324,438.1,-1.292,11.78,1.346,52.71
"2025-11-08 13:15:00",389,12.64,"2025-11-08 13:13:00",18.92,"NAN","NAN","NAN","NAN","NAN",1.344,52.82
"2025-11-08 13:30:00",390,12.63,"2025-11-08 13:21:00",18.87,11.49,325,438,-1.283,11.7,1.344,52.93
"2025-11-08 13:45:00",391,12.62,"2025-11-08 13:42:20",19.15,11.54,325.4,438,-1.313,11.67,1.344,53.01
"2025-11-08 14:00:00",392,12.62,"2025-11-08 13:58:40",19.67,11.58,325.8,438,-1.323,11.67,1.343,53.1
"2025-11-08 14:15:00",393,12.6,"2025-11-08 14:03:00",19.73,11.63,326.2,438,-1.289,11.63,1.342,53.19
"2025-11-08 14:30:00",394,12.67,"2025-11-08 14:25:00",19.71,11.68,326.5,438,-1.303,11.71,1.341,53.26
"2025-11-08 14:45:00",395,12.63,"2025-11-08 14:40:40",19.66,11.7,326.7,438,-1.313,11.69,1.34,53.29
"2025-11-08 15:00:00",396,12.59,"2025-11-08 14:53:00",19.7,11.72,326.9,438,-1.291,11.63,1.339,53.34
"2025-11-08 15:15:00",397,12.59,"2025-11-08 15:00:40",19.82,11.75,327.2,438,-1.303,11.76,1.339,53.4
"2025-11-08 15:30:00",398,12.64,"2025-11-08 15:28:50",20.26,11.78,327.4,438,-1.279,11.9,1.338,53.45
"2025-11-08 15:45:00",399,12.64,"2025-11-08 15:30:40",20.45,11.8,327.6,438,-1.271,11.72,1.338,53.47
"2025-11-08 16:00:00",400,12.59,"2025-11-08 15:58:50",20.43,11.82,327.8,438.1,-1.193,11.67,1.337,53.51
"2025-11-08 16:15:00",401,12.56,"2025-11-08 16:13:00",20.22,11.84,328,438,-1.24,11.63,1.337,53.56
"2025-11-08 16:30:00",402,12.55,"2025-11-08 16:28:40",19.85,11.87,328.2,438,-1.283,11.6,1.336,53.61
"2025-11-08 16:45:00",403,12.51,"2025-11-08 16:40:50",19.38,11.9,328.5,438.1,-1.263,11.56,1.336,53.66
"2025-11-08 17:00:00",404,12.48,"2025-11-08 16:56:40",18.75,11.92,328.7,438.2,-1.301,11.53,1.336,53.7
"2025-11-08 17:15:00",405,12.45,"2025-11-08 17:15:00",18.04,11.93,328.8,438.2,-1.291,11.51,1.334,53.7
"2025-11-08 17:30:00",406,12.43,"2025-11-08 17:28:10",17.2,11.92,328.9,438.4,-1.301,11.47,1.333,53.68
"2025-11-08 17:45:00",407,12.42,"2025-11-08 17:36:50",16.31,11.89,328.8,438.6,-1.287,11.43,1.332,53.64
"2025-11-08 18:00:00",408,12.42,"2025-11-08 17:58:50",15.52,11.87,328.8,438.9,-1.247,11.44,1.331,53.59
"2025-11-08 18:15:00",409,12.41,"2025-11-08 18:14:10",14.8,11.84,328.8,439.1,-1.272,11.41,1.331,53.54
"2025-11-08 18:30:00",410,12.4,"2025-11-08 18:28:10",14.15,11.82,328.7,439.3,-1.267,11.42,1.33,53.49
"2025-11-08 18:45:00",411,12.4,"2025-11-08 18:40:40",13.62,11.79,328.7,439.6,-1.25,11.41,1.33,53.45
"2025-11-08 19:00:00",412,12.39,"2025-11-08 18:53:00",13.21,"NAN","NAN","NAN","NAN","NAN",1.328,53.41
"2025-11-08 19:15:00",413,12.38,"2025-11-08 19:14:50",12.86,11.75,328.6,440,-1.239,11.39,1.327,53.37
"2025-11-08 19:30:00",414,12.37,"2025-11-08 19:28:50",12.5,11.73,328.6,440.1,-1.231,11.37,1.327,53.34
"2025-11-08 19:45:00",415,12.37,"2025-11-08 19:44:50",12.12,11.71,328.6,440.4,-1.249,11.38,1.326,53.31
"2025-11-08 20:00:00",416,12.37,"2025-11-08 19:47:00",11.72,11.69,328.5,440.5,-1.253,11.36,1.324,53.28
"2025-11-08 20:15:00",417,12.36,"2025-11-08 20:11:00",11.33,11.68,328.5,440.6,-1.287,11.37,1.324,53.25
"2025-11-08 20:30:00",418,12.36,"2025-11-08 20:16:50",10.91,11.66,328.5,440.7,-1.281,11.34,1.323,53.22
"2025-11-08 20:45:00",419,12.35,"2025-11-08 20:31:00",10.49,11.65,328.5,440.9,-1.295,11.35,1.322,53.2
"2025-11-08 21:00:00",420,12.35,"2025-11-08 20:57:00",10.12,11.64,328.4,441,-1.283,11.36,1.321,53.18
"2025-11-08 21:15:00",421,12.35,"2025-11-08 21:15:00",9.85,11.63,328.4,441,-1.247,11.34,1.321,53.18
"2025-11-08 21:30:00",422,12.34,"2025-11-08 21:28:40",9.68,11.63,328.5,441.1,-1.271,11.35,1.32,53.18
"2025-11-08 21:45:00",423,12.33,"2025-11-08 21:44:50",9.5,11.62,328.5,441.2,-1.298,11.31,1.319,53.17
"2025-11-08 22:00:00",424,12.34,"2025-11-08 21:58:10",9.32,11.62,328.4,441.2,-1.262,11.32,1.319,53.15
"2025-11-08 22:15:00",425,12.33,"2025-11-08 22:02:30",9.09,11.61,328.4,441.3,-1.278,11.31,1.318,53.14
"2025-11-08 22:30:00",426,12.32,"2025-11-08 22:24:50",8.88,11.6,328.4,441.4,-1.267,11.32,1.317,53.12
"2025-11-08 22:45:00",427,12.32,"2025-11-08 22:45:00",8.7,11.59,328.4,441.5,-1.296,11.32,1.317,53.11
"2025-11-08 23:00:00",428,12.32,"2025-11-08 22:58:40",8.59,11.58,328.3,441.5,-1.303,11.3,1.317,53.1
"2025-11-08 23:15:00",429,12.31,"2025-11-08 23:02:20",8.45,11.57,328.3,441.6,-1.313,11.31,1.316,53.07
"2025-11-08 23:30:00",430,12.31,"2025-11-08 23:29:00",8.26,11.55,328.2,441.6,-1.3,11.3,1.315,53.04
"2025-11-08 23:45:00",431,12.31,"2025-11-08 23:31:00",8.03,11.53,328.1,441.7,-1.302,11.28,1.314,53.01
"2025-11-09 00:00:00",432,12.3,"2025-11-08 23:49:00",7.805,11.51,327.9,441.7,-1.279,11.3,1.313,52.97
"2025-11-09 00:15:00",433,12.3,"2025-11-09 00:01:00",7.651,11.49,327.8,441.9,-1.306,11.3,1.313,52.92
"2025-11-09 00:30:00",434,12.3,"2025-11-09 00:28:20",7.482,11.47,327.7,441.9,-1.311,11.28,1.312,52.87
"2025-11-09 00:45:00",435,12.3,"2025-11-09 00:31:00",7.263,11.44,327.5,442,-1.297,11.27,1.312,52.82
"2025-11-09 01:00:00",436,12.29,"2025-11-09 00:49:00",7.074,11.41,327.3,442,-1.284,11.26,1.311,52.77
"2025-11-09 01:15:00",437,12.29,"2025-11-09 01:00:30",7.028,11.38,327.1,442.1,-1.293,11.26,1.31,52.72
"2025-11-09 01:30:00",438,12.28,"2025-11-09 01:28:50",7.056,11.36,327,442.2,-1.303,11.29,1.31,52.68
"2025-11-09 01:45:00",439,12.28,"2025-11-09 01:30:50",7.17,11.34,326.9,442.3,-1.283,11.25,1.309,52.65
"2025-11-09 02:00:00",440,12.28,"2025-11-09 01:53:00",7.424,11.32,326.6,442.1,-1.3,11.25,1.309,52.61
"2025-11-09 02:15:00",441,12.28,"2025-11-09 02:00:40",7.893,11.3,326.3,442,-1.302,11.26,1.311,52.58
"2025-11-09 02:30:00",442,12.27,"2025-11-09 02:25:00",8.27,11.29,326.3,442,-1.283,11.28,1.311,52.55
"2025-11-09 02:45:00",443,12.28,"2025-11-09 02:32:40",8.52,11.28,326.1,442,-1.326,11.24,1.311,52.53
"2025-11-09 03:00:00",444,12.27,"2025-11-09 02:57:00",8.7,11.27,326.1,442,-1.305,11.24,1.311,52.51
"2025-11-09 03:15:00",445,12.27,"2025-11-09 03:15:00",8.84,11.25,326,442.1,-1.275,11.27,1.31,52.49
"2025-11-09 03:30:00",446,12.26,"2025-11-09 03:19:00",8.97,11.24,325.9,442.1,-1.263,11.26,1.309,52.47
"2025-11-09 03:45:00",447,12.26,"2025-11-09 03:43:00",9.06,11.23,325.9,442.1,-1.237,11.23,1.31,52.45
"2025-11-09 04:00:00",448,12.26,"2025-11-09 03:59:00",9.13,11.22,325.9,442.3,-1.251,11.25,1.308,52.43
"2025-11-09 04:15:00",449,12.26,"2025-11-09 04:02:20",9.15,11.21,325.8,442.3,-1.266,11.27,1.308,52.41
"2025-11-09 04:30:00",450,12.25,"2025-11-09 04:28:20",9.17,11.2,325.8,442.4,-1.29,11.24,1.308,52.4
"2025-11-09 04:45:00",451,12.25,"2025-11-09 04:39:00",9.21,11.2,325.8,442.5,-1.243,11.22,1.308,52.39
"2025-11-09 05:00:00",452,12.25,"2025-11-09 04:55:00",9.24,11.19,325.8,442.5,-1.275,11.25,1.307,52.38
"2025-11-09 05:15:00",453,12.25,"2025-11-09 05:11:00",9.17,11.18,325.8,442.6,-1.238,11.25,1.306,52.36
"2025-11-09 05:30:00",454,12.25,"2025-11-09 05:28:30",9,11.16,325.7,442.8,-1.241,11.23,1.305,52.32
"2025-11-09 05:45:00",455,12.25,"2025-11-09 05:37:00",8.69,11.13,325.5,442.9,-1.233,11.22,1.304,52.26
"2025-11-09 06:00:00",456,12.25,"2025-11-09 05:54:40",8.27,11.09,325.2,442.9,-1.173,11.25,1.303,52.19
"2025-11-09 06:15:00",457,12.24,"2025-11-09 06:02:30",7.834,11.05,325,443,-1.144,11.22,1.303,52.12
"2025-11-09 06:30:00",458,12.24,"2025-11-09 06:25:00",7.456,"NAN","NAN","NAN","NAN","NAN",1.303,52.06
"2025-11-09 06:45:00",459,12.24,"2025-11-09 06:30:50",7.289,10.99,324.7,443.3,-1.093,11.21,1.303,52.02
"2025-11-09 07:00:00",460,12.23,"2025-11-09 06:58:50",7.268,10.96,324.5,443.4,-1.142,11.23,1.301,51.96
"2025-11-09 07:15:00",461,12.23,"2025-11-09 07:01:00",7.242,10.93,324.3,443.5,-1.179,11.2,1.301,51.91
"2025-11-09 07:30:00",462,12.23,"2025-11-09 07:18:50",7.147,10.9,324.1,443.6,-1.202,11.19,1.3,51.84
"2025-11-09 07:45:00",463,12.23,"2025-11-09 07:30:40",7.05,10.86,323.9,443.8,-1.173,11.21,1.299,51.78
"2025-11-09 08:00:00",464,12.22,"2025-11-09 07:46:30",6.991,10.83,323.7,443.9,-1.194,11.21,1.299,51.73
"2025-11-09 08:15:00",465,12.21,"2025-11-09 08:02:20",6.955,10.8,323.6,444,-1.246,11.19,1.3,51.69
"2025-11-09 08:30:00",466,12.23,"2025-11-09 08:16:50",6.899,10.78,323.5,444.1,-1.309,11.19,1.299,51.64
"2025-11-09 08:45:00",467,12.22,"2025-11-09 08:41:00",6.862,10.75,323.3,444.2,-1.303,11.22,1.299,51.6
"2025-11-09 09:00:00",468,12.22,"2025-11-09 08:55:00",6.823,10.73,323.1,444.3,-1.312,11.21,1.297,51.55
"2025-11-09 09:15:00",469,12.21,"2025-11-09 09:02:30",6.709,10.69,322.9,444.4,-1.272,11.19,1.296,51.5
"2025-11-09 09:30:00",470,12.23,"2025-11-09 09:19:00",6.587,10.67,322.7,444.4,-1.241,11.2,1.296,51.45
"2025-11-09 09:45:00",471,12.24,"2025-11-09 09:30:10",6.503,10.64,322.5,444.4,-1.165,11.23,1.296,51.39
"2025-11-09 10:00:00",472,12.24,"2025-11-09 09:57:00",6.457,10.62,322.4,444.5,-1.231,11.23,1.296,51.35
"2025-11-09 10:15:00",473,12.24,"2025-11-09 10:00:40",6.379,10.59,322.1,444.5,-1.315,11.21,1.296,51.29
"2025-11-09 10:30:00",474,12.24,"2025-11-09 10:21:00",6.333,10.57,322,444.5,-1.34,11.21,1.296,51.26
"2025-11-09 10:45:00",475,12.23,"2025-11-09 10:38:30",6.325,10.54,321.8,444.6,-1.405,11.23,1.296,51.22
"2025-11-09 11:00:00",476,12.25,"2025-11-09 10:47:00",6.346,10.52,321.6,444.6,-1.403,11.24,1.296,51.17
"2025-11-09 11:15:00",477,12.25,"2025-11-09 11:05:00",6.401,10.5,321.4,444.6,-1.402,11.22,1.295,51.13
"2025-11-09 11:30:00",478,12.23,"2025-11-09 11:28:50",6.435,10.49,321.4,444.6,-1.369,11.21,1.294,51.11
"2025-11-09 11:45:00",479,12.23,"2025-11-09 11:35:00",6.389,10.47,321.2,444.6,-1.368,11.22,1.295,51.07
"2025-11-09 12:00:00",480,12.24,"2025-11-09 11:46:30",6.331,10.45,321.1,444.7,-1.368,11.22,1.296,51.05
"2025-11-09 12:15:00",481,12.24,"2025-11-09 12:02:20",6.317,10.43,321,444.7,-1.365,11.21,1.295,51.02
"2025-11-09 12:30:00",482,12.21,"2025-11-09 12:29:50",6.338,10.42,320.8,444.7,-1.392,11.22,1.295,50.99
"2025-11-09 12:45:00",483,12.23,"2025-11-09 12:35:00",6.373,10.41,320.7,444.7,-1.367,11.23,1.295,50.97
"2025-11-09 13:00:00",484,12.23,"2025-11-09 12:50:50",6.37,10.39,320.6,444.7,-1.37,11.22,1.295,50.94
"2025-11-09 13:15:00",485,12.22,"2025-11-09 13:02:20",6.279,10.37,320.5,444.8,-1.347,11.19,1.294,50.9
"2025-11-09 13:30:00",486,12.23,"2025-11-09 13:17:00",6.135,10.35,320.3,444.8,-1.394,11.2,1.295,50.86
"2025-11-09 13:45:00",487,12.23,"2025-11-09 13:32:50",5.928,10.32,320.1,444.8,-1.415,11.22,1.294,50.82
"2025-11-09 14:00:00",488,12.23,"2025-11-09 13:47:00",5.738,10.31,320,444.8,-1.409,11.21,1.294,50.79
"2025-11-09 14:15:00",489,12.21,"2025-11-09 14:07:00",5.602,10.29,319.8,444.8,-1.434,11.18,1.294,50.75
"2025-11-09 14:30:00",490,12.24,"2025-11-09 14:16:30",5.512,10.26,319.6,444.9,-1.406,11.21,1.294,50.71
"2025-11-09 14:45:00",491,12.23,"2025-11-09 14:35:00",5.449,10.25,319.5,444.9,-1.365,11.23,1.294,50.69
"2025-11-09 15:00:00",492,12.27,"2025-11-09 14:52:40",5.376,10.24,319.5,444.8,-1.363,11.26,1.294,50.67
"2025-11-09 15:15:00",493,12.3,"2025-11-09 15:13:00",5.519,10.23,319.4,444.8,-1.347,11.27,1.292,50.66
"2025-11-09 15:30:00",494,12.35,"2025-11-09 15:15:10",5.727,10.23,319.3,444.8,-1.396,11.32,1.293,50.65
"2025-11-09 15:45:00",495,12.29,"2025-11-09 15:37:00",5.739,10.22,319.2,444.7,-1.389,11.31,1.291,50.63
"2025-11-09 16:00:00",496,12.27,"2025-11-09 15:52:40",5.273,10.2,319,444.8,-1.431,11.28,1.291,50.61
"2025-11-09 16:15:00",497,12.26,"2025-11-09 16:07:00",4.769,10.18,318.9,444.8,-1.411,11.24,1.291,50.57
"2025-11-09 16:30:00",498,12.28,"2025-11-09 16:28:50",4.468,10.16,318.8,444.8,-1.365,11.25,1.291,50.54
"2025-11-09 16:45:00",499,12.23,"2025-11-09 16:45:00",4.3,10.14,318.6,444.9,-1.437,11.24,1.289,50.51
"2025-11-09 17:00:00",500,12.2,"2025-11-09 16:59:00",4.079,10.12,318.5,445,-1.441,11.2,1.287,50.47
"2025-11-09 17:15:00",501,12.19,"2025-11-09 17:14:50",3.879,10.1,318.4,445.1,-1.452,11.16,1.287,50.43
"2025-11-09 17:30:00",502,12.17,"2025-11-09 17:28:40",3.711,10.07,318.3,445.3,-1.444,11.15,1.288,50.38
"2025-11-09 17:45:00",503,12.17,"2025-11-09 17:44:40",3.585,10.04,318.2,445.4,-1.403,11.16,1.287,50.34
"2025-11-09 18:00:00",504,12.17,"2025-11-09 17:52:40",3.451,10.02,318.1,445.6,-1.435,11.14,1.287,50.27
"2025-11-09 18:15:00",505,12.16,"2025-11-09 18:02:20",3.251,9.99,318,445.7,-1.381,11.13,1.287,50.23
"2025-11-09 18:30:00",506,12.16,"2025-11-09 18:16:40",3.113,9.97,317.9,445.9,-1.359,11.12,1.286,50.19
"2025-11-09 18:45:00",507,12.15,"2025-11-09 18:45:00",2.982,9.94,317.8,446.1,-1.367,11.14,1.286,50.14
"2025-11-09 19:00:00",508,12.15,"2025-11-09 18:47:00",2.865,"NAN","NAN","NAN","NAN","NAN",1.285,50.09
"2025-11-09 19:15:00",509,12.15,"2025-11-09 19:02:20",2.718,9.89,317.6,446.4,-1.353,11.11,1.284,50.04
"2025-11-09 19:30:00",510,12.15,"2025-11-09 19:16:50",2.527,9.86,317.5,446.6,-1.415,11.1,1.284,49.99
"2025-11-09 19:45:00",511,12.14,"2025-11-09 19:35:00",2.333,9.83,317.3,446.7,-1.374,11.13,1.283,49.93
"2025-11-09 20:00:00",512,12.14,"2025-11-09 19:46:50",2.142,9.8,317.1,446.9,-1.383,11.12,1.283,49.88
"2025-11-09 20:15:00",513,12.13,"2025-11-09 20:02:20",1.967,9.76,317,447.1,-1.416,11.09,1.281,49.82
"2025-11-09 20:30:00",514,12.13,"2025-11-09 20:17:00",1.796,9.73,316.8,447.3,-1.453,11.09,1.282,49.76
"2025-11-09 20:45:00",515,12.13,"2025-11-09 20:30:40",1.624,9.69,316.6,447.4,-1.45,11.11,1.281,49.68
"2025-11-09 21:00:00",516,12.13,"2025-11-09 20:53:00",1.453,9.65,316.4,447.6,-1.423,11.1,1.28,49.62
"2025-11-09 21:15:00",517,12.13,"2025-11-09 21:00:40",1.277,9.62,316.2,447.7,-1.445,11.08,1.279,49.56
"2025-11-09 21:30:00",518,12.12,"2025-11-09 21:29:00",1.177,9.59,316.1,448,-1.463,11.07,1.279,49.51
"2025-11-09 21:45:00",519,12.12,"2025-11-09 21:30:20",1.114,9.56,315.9,448.1,-1.429,11.1,1.279,49.45
"2025-11-09 22:00:00",520,12.12,"2025-11-09 21:49:00",1.011,9.52,315.7,448.3,-1.53,11.09,1.277,49.37
"2025-11-09 22:15:00",521,12.11,"2025-11-09 22:11:00",0.822,9.48,315.5,448.5,-1.476,11.07,1.274,49.3
"2025-11-09 22:30:00",522,12.1,"2025-11-09 22:29:00",0.59,9.44,315.3,448.7,-1.492,11.06,1.273,49.23
"2025-11-09 22:45:00",523,12.1,"2025-11-09 22:30:50",0.361,9.39,315,448.8,-1.49,11.09,1.274,49.15
"2025-11-09 23:00:00",524,12.1,"2025-11-09 22:56:50",0.253,9.36,314.8,449,-1.517,11.08,1.273,49.09
"2025-11-09 23:15:00",525,12.1,"2025-11-09 23:02:20",0.181,9.32,314.6,449.1,-1.488,11.06,1.272,49.03
"2025-11-09 23:30:00",526,12.1,"2025-11-09 23:23:00",0.077,9.28,314.4,449.3,-1.513,11.06,1.272,48.96
"2025-11-09 23:45:00",527,12.1,"2025-11-09 23:44:50",0.031,9.24,314.1,449.4,-1.507,11.09,1.272,48.89
"2025-11-10 00:00:00",528,12.09,"2025-11-09 23:51:00",-0.007,"NAN","NAN","NAN","NAN","NAN",1.27,48.83
"2025-11-10 00:15:00",529,12.09,"2025-11-10 00:14:50",-0.058,9.17,313.7,449.6,-1.521,11.05,1.271,48.76
"2025-11-10 00:30:00",530,12.09,"2025-11-10 00:25:00",-0.065,9.14,313.5,449.8,-1.529,11.04,1.27,48.7
"2025-11-10 00:45:00",531,12.08,"2025-11-10 00:30:50",-0.034,9.11,313.3,449.8,-1.513,11.07,1.269,48.65
"2025-11-10 01:00:00",532,12.08,"2025-11-10 00:46:50",-0.032,9.08,313.1,449.9,-1.461,11.06,1.268,48.59
"2025-11-10 01:15:00",533,12.08,"2025-11-10 01:12:50",-0.059,9.04,312.8,450,-1.351,11.04,1.268,48.53
"2025-11-10 01:30:00",534,12.08,"2025-11-10 01:18:40",-0.081,9.01,312.5,450,-1.459,11.03,1.268,48.47
"2025-11-10 01:45:00",535,12.08,"2025-11-10 01:32:30",-0.113,8.97,312.3,450.1,-1.485,11.03,1.267,48.41
"2025-11-10 02:00:00",536,12.08,"2025-11-10 01:49:00",-0.159,8.95,312.1,450.1,-1.528,11.05,1.266,48.36
"2025-11-10 02:15:00",537,12.07,"2025-11-10 02:13:00",-0.185,8.92,311.9,450.2,-1.56,11.03,1.265,48.3
"2025-11-10 02:30:00",538,12.07,"2025-11-10 02:25:00",-0.22,8.88,311.7,450.3,-1.561,11.02,1.266,48.24
"2025-11-10 02:45:00",539,12.07,"2025-11-10 02:32:50",-0.328,8.86,311.5,450.3,-1.557,11.02,1.265,48.21
"2025-11-10 03:00:00",540,12.07,"2025-11-10 02:48:40",-0.5,8.82,311.1,450.3,-1.541,11.05,1.266,48.14
"2025-11-10 03:15:00",541,12.07,"2025-11-10 03:08:50",-0.688,8.78,310.7,450.3,-1.558,11.03,1.265,48.07
"2025-11-10 03:30:00",542,12.07,"2025-11-10 03:17:00",-0.915,8.74,310.4,450.3,-1.551,11.01,1.264,48
"2025-11-10 03:45:00",543,12.06,"2025-11-10 03:39:00",-1.086,8.71,310.2,450.3,-1.55,11.01,1.264,47.95
"2025-11-10 04:00:00",544,12.06,"2025-11-10 03:47:00",-1.199,8.69,310.1,450.4,-1.589,11.04,1.262,47.91
"2025-11-10 04:15:00",545,12.06,"2025-11-10 04:00:30",-1.278,8.66,309.9,450.4,-1.61,11.02,1.262,47.86
"2025-11-10 04:30:00",546,12.06,"2025-11-10 04:25:00",-1.381,8.63,309.6,450.4,-1.626,11,1.262,47.8
"2025-11-10 04:45:00",547,12.06,"2025-11-10 04:42:40",-1.501,8.59,309.3,450.5,-1.624,11,1.261,47.73
"2025-11-10 05:00:00",548,12.02,"2025-11-10 04:50:10",-1.676,8.55,309,450.5,-1.58,11.03,1.261,47.66
"2025-11-10 05:15:00",549,12.05,"2025-11-10 05:01:00",-1.842,8.51,308.7,450.6,-1.601,11.01,1.261,47.58
"2025-11-10 05:30:00",550,12.05,"2025-11-10 05:28:40",-2.066,8.47,308.3,450.6,-1.561,10.99,1.26,47.51
"2025-11-10 05:45:00",551,12.05,"2025-11-10 05:44:50",-2.308,8.43,308,450.6,-1.585,10.99,1.26,47.44
"2025-11-10 06:00:00",552,12.04,"2025-11-10 05:57:00",-2.543,8.39,307.6,450.6,-1.622,11.02,1.261,47.36
"2025-11-10 06:15:00",553,12.04,"2025-11-10 06:02:20",-2.764,8.34,307.3,450.7,-1.6,10.99,1.26,47.28
"2025-11-10 06:30:00",554,12.04,"2025-11-10 06:26:40",-2.989,8.31,307,450.8,-1.595,10.98,1.26,47.22
"2025-11-10 06:45:00",555,12.04,"2025-11-10 06:38:50",-3.164,8.27,306.8,450.8,-1.568,10.98,1.259,47.16
"2025-11-10 07:00:00",556,12.04,"2025-11-10 06:47:00",-3.233,8.23,306.5,450.9,-1.569,11,1.258,47.08
